Experiment Name:,Exp_20201126_samples,,,,,,,,,,,,,,,,,,,,,,,,,,,,,,,,,,,,,,,,,,,,,,,,,,,,,,,,,,,,,,,,,,,,,,,,,,,,,,,,,,,,,,,,,,,,,,,,,,,,,,,,,,,,,,,,,,,,,
,,,,,,,,,,,,,,,,,,,,,,,,,,,,,,,,,,,,,,,,,,,,,,,,,,,,,,,,,,,,,,,,,,,,,,,,,,,,,,,,,,,,,,,,,,,,,,,,,,,,,,,,,,,,,,,,,,,,,,
Tube Name:,Sample ID:,All Events ,Picochlorum Events,P2 Events,All Events  % Total,Picochlorum % Total,P2 % Total,All Events  % Parent,Picochlorum % Parent,P2 % Parent,All Events  Events/μL(V),Picochlorum Events/μL(V),P2 Events/μL(V),All Events  Mean FSC-A,Picochlorum Mean FSC-A,P2 Mean FSC-A,All Events  GeoMean FSC-A,Picochlorum GeoMean FSC-A,P2 GeoMean FSC-A,All Events  Median FSC-A,Picochlorum Median FSC-A,P2 Median FSC-A,All Events  rCV FSC-A,Picochlorum rCV FSC-A,P2 rCV FSC-A,All Events  rSD FSC-A,Picochlorum rSD FSC-A,P2 rSD FSC-A,All Events  CV FSC-A,Picochlorum CV FSC-A,P2 CV FSC-A,All Events  SD FSC-A,Picochlorum SD FSC-A,P2 SD FSC-A,All Events  Mean SSC-A,Picochlorum Mean SSC-A,P2 Mean SSC-A,All Events  GeoMean SSC-A,Picochlorum GeoMean SSC-A,P2 GeoMean SSC-A,All Events  Median SSC-A,Picochlorum Median SSC-A,P2 Median SSC-A,All Events  rCV SSC-A,Picochlorum rCV SSC-A,P2 rCV SSC-A,All Events  rSD SSC-A,Picochlorum rSD SSC-A,P2 rSD SSC-A,All Events  CV SSC-A,Picochlorum CV SSC-A,P2 CV SSC-A,All Events  SD SSC-A,Picochlorum SD SSC-A,P2 SD SSC-A,All Events  Mean PE-A,Picochlorum Mean PE-A,P2 Mean PE-A,All Events  GeoMean PE-A,Picochlorum GeoMean PE-A,P2 GeoMean PE-A,All Events  Median PE-A,Picochlorum Median PE-A,P2 Median PE-A,All Events  rCV PE-A,Picochlorum rCV PE-A,P2 rCV PE-A,All Events  rSD PE-A,Picochlorum rSD PE-A,P2 rSD PE-A,All Events  CV PE-A,Picochlorum CV PE-A,P2 CV PE-A,All Events  SD PE-A,Picochlorum SD PE-A,P2 SD PE-A,All Events  Mean PC5.5-A,Picochlorum Mean PC5.5-A,P2 Mean PC5.5-A,All Events  GeoMean PC5.5-A,Picochlorum GeoMean PC5.5-A,P2 GeoMean PC5.5-A,All Events  Median PC5.5-A,Picochlorum Median PC5.5-A,P2 Median PC5.5-A,All Events  rCV PC5.5-A,Picochlorum rCV PC5.5-A,P2 rCV PC5.5-A,All Events  rSD PC5.5-A,Picochlorum rSD PC5.5-A,P2 rSD PC5.5-A,All Events  CV PC5.5-A,Picochlorum CV PC5.5-A,P2 CV PC5.5-A,All Events  SD PC5.5-A,Picochlorum SD PC5.5-A,P2 SD PC5.5-A,All Events  Mean PC5.5-Width,Picochlorum Mean PC5.5-Width,P2 Mean PC5.5-Width,All Events  GeoMean PC5.5-Width,Picochlorum GeoMean PC5.5-Width,P2 GeoMean PC5.5-Width,All Events  Median PC5.5-Width,Picochlorum Median PC5.5-Width,P2 Median PC5.5-Width,All Events  rCV PC5.5-Width,Picochlorum rCV PC5.5-Width,P2 rCV PC5.5-Width,All Events  rSD PC5.5-Width,Picochlorum rSD PC5.5-Width,P2 rSD PC5.5-Width,All Events  CV PC5.5-Width,Picochlorum CV PC5.5-Width,P2 CV PC5.5-Width,All Events  SD PC5.5-Width,Picochlorum SD PC5.5-Width,P2 SD PC5.5-Width
A0,,4015870,1326,14667,100.00%,0.03%,0.37%,100.00%,0.03%,0.37%,44620.51,14.73,162.97,1.7,1169.6,426.1,-0.4,1112,268.6,-1.1,1146.9,290.3,11065.59%,29.91%,90.19%,121.7,343,261.8,9294.23%,31.82%,115.99%,155,372.1,494.3,74.4,3742.1,17717.2,-2,3485.2,12791.4,-8.2,3550,11550,3310.54%,31.97%,73.61%,271.5,1135,8502,2557.89%,40.67%,103.69%,1903.2,1522,18370.7,2.7,117.9,8.2,1.8,84.7,5.7,2.7,118.7,7.4,7561.26%,224.89%,2788.89%,204.2,266.9,206.4,7863.98%,234.77%,2601.63%,211.7,276.9,213.9,34.7,19110.1,45.7,20.6,18541.3,23.8,28.7,18268.3,29.7,869.41%,24.21%,849.62%,249.5,4422.2,252.3,1268.72%,25.19%,1375.15%,440.3,4814.2,628.1,20.2,1080.7,23.4,14.5,1079.9,16.9,20.4,1081.1,21.7,888.83%,3.51%,842.62%,181.3,38,182.6,934.80%,3.69%,818.74%,189.1,39.9,191.8
A0 FF,,4021146,1471,16183,100.00%,0.04%,0.40%,100.00%,0.04%,0.40%,44679.11,16.34,179.81,1.3,1161.9,397.7,-0.2,1106,249.2,-0.6,1136.4,273.5,20188.07%,31.00%,92.21%,121.1,352.3,252.2,10867.33%,30.65%,116.41%,137.4,356.1,462.9,77.6,3788.7,17807.6,-1.4,3525.6,12793.4,-7.6,3581.3,11557.1,3554.34%,32.73%,73.55%,270.1,1172.1,8500.6,10508.38%,41.41%,103.38%,8158.6,1568.9,18409.4,2.6,143,11.8,1.7,103.3,4.9,2.5,138.3,5.2,8142.44%,189.85%,3908.93%,203.6,262.6,203.3,8212.58%,190.85%,5188.42%,210.6,272.9,613.3,35.3,19234.9,48.6,20.4,18668.1,22.8,28.4,18404.6,31,877.03%,23.80%,820.69%,249.1,4379.7,254.4,1300.25%,25.53%,1562.66%,459.1,4910.3,760.2,20.1,1068.3,22.5,14.4,1067.6,16.1,20.2,1069.8,21.9,896.63%,3.53%,837.45%,180.9,37.7,183.2,936.39%,3.70%,847.35%,188.6,39.5,190.6
B0,,4028504,1400,16418,100.00%,0.03%,0.41%,100.00%,0.03%,0.41%,44761.01,15.56,182.42,1.7,1175.7,422.7,-0.3,1120.9,266.5,-0.9,1138.9,289.1,13491.66%,29.58%,91.18%,121.4,336.9,263.6,12637.27%,30.76%,112.72%,219.7,361.6,476.4,82,3785.2,18184.6,-1.4,3519,13097.2,-7.5,3556.9,11785,3609.64%,34.23%,73.71%,270.7,1217.4,8687.3,3061.18%,41.69%,101.59%,2511,1578,18474.5,2.6,106.5,25.4,1.6,74.8,5.2,2.3,97.3,7.3,8869.82%,279.84%,2768.20%,204,272.3,202.1,8866.32%,254.91%,5283.15%,231.2,271.4,1341,35.2,19077,64.8,20.6,18517.7,22.2,28.8,18476.8,29.6,867.42%,23.82%,847.99%,249.8,4401.4,251,1297.90%,25.60%,2300.68%,456.5,4883.5,1490.7,20.3,1076.5,21.5,14.5,1075.7,15.4,20.5,1077.3,21.1,886.21%,3.48%,863.32%,181.6,37.5,182.1,932.88%,3.67%,889.82%,189.1,39.5,191.6
B0 FF,,4040676,1361,15523,100.00%,0.03%,0.38%,100.00%,0.03%,0.38%,44896.35,15.12,172.48,1.4,1177.4,390.6,-0.3,1119.7,248.5,-0.8,1160.2,274.3,15103.99%,31.18%,90.26%,120.8,361.8,247.6,20870.01%,30.71%,111.87%,291.8,361.5,436.9,69.2,3813.7,17337.3,-0.8,3573.1,12616,-6.1,3599.7,11281.8,4418.63%,33.12%,72.35%,269.5,1192.2,8162.9,2390.61%,37.50%,100.27%,1653.5,1430.2,17384.7,2.6,136.4,6.7,1.7,100.4,5.1,2.4,134.1,8,8481.71%,192.37%,2542.66%,203.6,258,203.4,8066.65%,190.54%,3134.25%,208.4,260,210.1,34.7,19317.6,53.6,20.4,18741.7,23.8,28.4,18684.5,30.5,877.03%,23.77%,827.34%,249.1,4440.8,252.3,1297.99%,25.47%,1306.32%,450.6,4919.4,700.3,20.1,1072,23.6,14.4,1071.3,16.4,20.2,1072.5,21.7,895.92%,3.60%,838.68%,180.9,38.6,181.9,939.73%,3.70%,818.53%,188.5,39.6,192.9
C0,,4091155,1453,15867,100.00%,0.04%,0.39%,100.00%,0.04%,0.39%,45457.15,16.14,176.3,2.4,1184.5,439.9,-0.4,1127.4,277.7,-1,1165,300.5,12127.67%,30.58%,91.67%,121.3,356.3,275.5,14750.49%,30.68%,114.80%,360.1,363.4,505,87.8,3822.7,18766.2,-0.9,3563.2,13424.3,-7.1,3554,12266.2,3810.91%,32.13%,75.78%,270.6,1142,9294.9,8339.19%,41.55%,103.25%,7318.7,1588.4,19376.5,2.8,116.2,7.3,1.8,86.5,4.4,2.7,119.1,5,7550.28%,222.33%,4062.32%,203.9,264.8,203.1,7524.71%,225.39%,2974.96%,211.6,261.9,216.4,35.2,19137.5,51.9,20.6,18587.7,24.3,28.8,18399.4,34.9,866.39%,24.93%,720.48%,249.5,4587.6,251.4,1283.73%,24.90%,1264.23%,452.3,4766,656.6,20.2,1075.1,23.7,14.5,1074.3,16.5,20.5,1075.6,24.3,886.06%,3.51%,748.93%,181.3,37.7,182,933.65%,3.72%,811.16%,189.1,40,192
C0 FF,,4102404,1547,16510,100.00%,0.04%,0.40%,100.00%,0.04%,0.40%,45582.09,17.19,183.44,1.4,1194.8,389.5,-0.2,1139.7,245,-0.7,1182.5,266.5,17346.42%,29.56%,92.07%,121.4,349.6,245.4,16869.02%,29.46%,125.11%,232.6,352,487.2,72.1,3820.8,17168.5,-1.4,3574.3,12390.7,-7.5,3651.3,11124.5,3607.66%,34.64%,71.34%,270.6,1265,7936,2466.27%,38.09%,109.38%,1778.5,1455.2,18778.9,2.6,135.6,10.6,1.7,100.3,4.7,2.6,138.3,7.1,7834.97%,191.89%,2917.17%,203.7,265.4,207.1,8144.04%,192.20%,2423.12%,215.1,260.6,257.2,35.6,19401.1,56.8,20.5,18841.7,23.7,28.3,18686.5,32.1,880.13%,25.12%,790.26%,249.1,4693.6,253.7,1307.48%,24.51%,1322.97%,465.2,4754.5,752,20.1,1067.1,24,14.4,1066.5,16.4,20.1,1068.2,22.8,897.98%,3.22%,805.57%,180.9,34.4,183.5,936.86%,3.48%,807.11%,188.7,37.1,193.9
X0,,4118828,154,15315,100.00%,0.00%,0.37%,100.00%,0.00%,0.37%,45764.54,1.71,170.17,1.5,1171.4,436.2,-0.3,1110.4,274.9,-0.6,1138.8,298.1,20188.07%,28.21%,92.11%,121.1,321.2,274.6,13427.35%,32.03%,110.72%,198.3,375.2,483,78,3739.3,19156.6,0.3,3415,13705.5,-4.1,3624.9,12554,6566.83%,36.60%,76.76%,269.2,1326.7,9637,2616.10%,38.48%,100.63%,2041.1,1439,19278.1,2.8,106,12.8,1.8,73.4,4.4,2.6,117.3,5.1,7840.67%,218.25%,3959.41%,203.9,255.9,201.9,8515.23%,273.66%,6564.04%,235.1,290.1,838.9,29.5,19175.7,39.4,20.7,18590.3,22.9,29.1,18303.6,30.4,856.44%,25.80%,819.33%,249.2,4722.7,249.1,974.10%,26.76%,2203.22%,287.7,5130.7,868.2,20.3,1073.4,22.8,14.6,1072.6,16.8,20.7,1075.2,21.6,875.16%,3.50%,836.83%,181,37.6,180.5,927.92%,3.81%,829.81%,187.9,40.9,188.8
X0 FF,,4195440,164,16733,100.00%,0.00%,0.40%,100.00%,0.00%,0.40%,46615.8,1.82,185.92,1.2,1138.4,378.5,-0.2,1079.9,239.6,-0.4,1119.5,263,30393.30%,33.50%,92.79%,121.6,375,244,26477.59%,30.62%,111.19%,315.3,348.6,420.8,68.9,3656.3,16968.3,-0.8,3448.5,12414.5,-6.3,3605.8,11134.3,4280.71%,34.05%,71.73%,269.7,1227.9,7986.9,2433.70%,34.30%,98.85%,1675.8,1254.3,16773.2,2.5,135.1,8,1.6,100.3,4.7,2.4,127.1,8.4,8487.88%,201.63%,2395.10%,203.7,256.3,201.2,8333.53%,190.67%,2582.95%,207.5,257.6,205.5,29.2,18489.4,31.6,20.4,17898.4,20.2,28.8,18104.3,29.8,864.85%,27.24%,832.84%,249.1,4931.5,248.2,950.50%,25.07%,1058.72%,277.8,4635,334.7,20,1057.1,20,14.5,1056.2,13.9,20.4,1056.3,21.3,886.27%,3.62%,838.88%,180.8,38.3,179,936.79%,4.00%,932.90%,187.7,42.3,186.5
Y0,,4038599,133,16149,100.00%,0.00%,0.40%,100.00%,0.00%,0.40%,44873.18,1.48,179.43,1.8,1199.8,405.2,-0.4,1137.3,255.9,-1,1127.8,280.3,12142.49%,26.13%,89.87%,121.4,294.7,251.9,14974.67%,35.82%,114.59%,268.4,429.7,464.3,84.8,4021,17259.4,-1,3704.4,12588.7,-7.1,3590.9,11289.9,3806.73%,29.88%,71.69%,270.3,1073.1,8093.2,7572.72%,51.16%,100.77%,6423.8,2057.2,17392.7,2.7,136.2,11.8,1.7,99.3,3.1,2.5,113.7,4.3,8154.30%,195.07%,4675.36%,203.9,221.8,201,9347.12%,206.93%,6748.43%,254.1,281.9,796.5,29.2,19294.8,42.4,20.4,18503.3,24.4,28.7,17911.4,35.7,867.86%,26.83%,693.13%,249.1,4805,247.4,994.97%,33.75%,2013.18%,290.9,6512.1,853.9,20.1,1067.6,24.4,14.4,1066.8,17.4,20.4,1064.7,25.3,885.15%,3.73%,708.90%,180.9,39.7,179,935.26%,3.85%,776.47%,187.7,41.1,189.8
Y0 FF,,4044185,152,14830,100.00%,0.00%,0.37%,100.00%,0.00%,0.37%,44935.2,1.69,164.78,1.2,1191,385.9,-0.2,1137.1,243.7,-0.6,1202.8,268.2,20188.07%,29.26%,92.34%,121.1,351.9,247.7,24442.29%,29.68%,111.23%,283.7,353.5,429.2,65.8,3797.4,17198,-0.4,3503.4,12481.2,-5.4,3561.1,11191.6,4999.66%,40.01%,71.43%,270,1424.8,7993.9,3124.41%,43.17%,100.86%,2055.7,1639.2,17346.7,2.7,131.8,10.1,1.7,88.8,7.5,2.6,111.8,11.3,7834.97%,235.16%,1827.22%,203.7,262.8,205.6,7900.18%,198.54%,2049.14%,209.6,261.7,207.9,29.3,19592.4,34,20.6,19000,20.9,28.8,19041.9,29.3,865.88%,27.13%,852.05%,249.4,5166.4,249.2,959.37%,25.17%,1020.04%,281.1,4931.2,346.5,20.1,1065.7,21.4,14.5,1065.2,14.7,20.4,1067.9,20.6,885.56%,3.32%,877.14%,180.9,35.5,180.5,934.93%,3.10%,880.31%,187.8,33,188.7
Z0,,4093974,118,15680,100.00%,0.00%,0.38%,100.00%,0.00%,0.38%,45488.6,1.31,174.22,1.6,1244.9,410.8,-0.4,1195.7,258.4,-1.1,1244.6,284.1,11025.15%,26.27%,89.86%,121.3,326.9,255.3,18646.09%,28.49%,120.24%,289.8,354.7,494,79.1,3956.8,17513.5,-0.7,3693.7,12701.5,-5.8,3842.1,11457.4,4644.63%,32.60%,71.61%,269.4,1252.4,8205.2,7591.75%,39.64%,105.97%,6003.5,1568.6,18558.4,2.6,147.1,5.6,1.8,97.6,4.9,2.4,118.9,4.4,8475.53%,189.28%,4674.45%,203.4,225.1,203.3,7901.26%,158.54%,3738.72%,207.3,233.2,209.3,29.2,19285.8,30.2,20.6,18791.9,21.3,28.9,18815.8,29.9,862.88%,22.30%,843.69%,249.4,4196.4,252.3,934.70%,23.79%,927.74%,273,4588.7,279.9,20.2,1067.5,20.6,14.5,1066.9,14.9,20.5,1073.5,20.9,881.98%,2.92%,880.38%,181.2,31.4,183.6,931.55%,3.47%,914.12%,187.8,37.1,188.4
Z0 FF,,4149079,140,14343,100.00%,0.00%,0.35%,100.00%,0.00%,0.35%,46100.84,1.56,159.37,1.3,1201.5,407.8,-0.1,1144.1,260.6,-0.3,1175.1,286.7,40277.30%,35.06%,91.32%,120.8,411.9,261.8,17976.81%,30.83%,108.46%,230.5,370.4,442.3,65.9,4051.2,18150.5,0.3,3746.9,13237.3,-4.4,3981.7,12131.4,6139.31%,33.52%,74.42%,270.1,1334.5,9028,2620.36%,40.97%,97.09%,1725.6,1659.8,17623.1,2.7,150.9,23.3,1.8,116.9,7.1,2.5,154.1,8.2,8142.44%,156.87%,2493.30%,203.6,241.8,204.5,8139.79%,179.26%,4959.23%,218.9,270.6,1156.5,29.1,19668.2,43.3,20.4,19023.1,19.5,28.8,18882.6,28.4,864.34%,26.19%,868.16%,248.9,4944.8,246.6,981.66%,26.12%,2735.04%,286.1,5137,1184.3,20,1066.9,19.7,14.4,1066.2,13.7,20.4,1068.8,20,884.16%,3.13%,894.19%,180.8,33.4,179.1,938.78%,3.42%,951.79%,187.8,36.5,187.2
A1,,4137287,3138,18328,100.00%,0.08%,0.44%,100.00%,0.08%,0.44%,45969.89,34.87,203.64,3.2,1345.5,395.9,-0.2,1276.5,249.1,-0.8,1299.9,277,15196.65%,32.05%,89.23%,121.6,416.7,247.2,10054.69%,32.54%,133.03%,321.2,437.8,526.6,86.7,3954.5,17155.2,-1.6,3622,12439.9,-8.1,3652,11255.2,3340.43%,38.60%,70.71%,270.6,1409.6,7959,2687.89%,45.07%,123.14%,2330.1,1782.5,21125.1,2.6,109.6,8.7,1.7,78.6,5.5,2.6,115.3,7.6,7829.27%,224.51%,2696.97%,203.6,258.9,205,7902.88%,236.67%,2375.76%,208.1,259.3,207.5,39,14812.4,71.9,20.3,14275.2,23.4,28,13958.1,29.6,890.09%,25.27%,854.00%,249.2,3527.8,252.8,1282.85%,29.05%,1275.61%,500.7,4302.4,917.2,20,1072.6,24.1,14.2,1071.3,16,19.9,1072.6,21.4,910.84%,4.44%,852.54%,181,47.6,182.7,947.60%,5.05%,813.10%,189.9,54.1,196.3
A2,,4167936,5861,17902,100.00%,0.14%,0.43%,100.00%,0.14%,0.43%,46310.32,65.12,198.91,2.9,1262.5,405.1,-0.3,1197.4,245.5,-0.9,1223.9,266.1,13409.29%,31.91%,90.48%,120.7,390.5,240.8,8027.98%,32.37%,149.95%,228.8,408.7,607.4,82.3,3449.4,17479.3,-2.5,3194.2,12234,-9.7,3232.5,10857.8,2787.90%,36.28%,69.79%,270.4,1172.7,7577.6,2691.43%,41.39%,139.04%,2213.7,1427.8,24302.8,2.7,138.2,7.5,1.8,101.3,4.5,2.5,142.2,6.8,8142.44%,178.08%,3013.17%,203.6,253.2,204.9,7710.11%,188.64%,2798.40%,207.4,260.6,208.9,47.3,14239,93.6,20.3,13801.5,21.9,27.6,13503.6,27,902.99%,24.73%,925.59%,249.2,3339.4,249.4,1299.19%,26.99%,1325.95%,614.4,3843.7,1241.1,20.3,1062.1,23.6,14,1060.9,14.6,19.6,1063.1,19.2,924.23%,4.53%,942.32%,180.9,48.2,181.2,944.61%,4.88%,845.08%,191.6,51.8,199.2
B1,,4042736,3244,17441,100.00%,0.08%,0.43%,100.00%,0.08%,0.43%,44919.02,36.04,193.79,2.8,1387.9,423.9,-0.3,1323,268,-1,1360.7,293.4,12186.97%,30.24%,90.55%,121.9,411.5,265.7,6475.40%,30.64%,121.15%,183,425.2,513.5,93.8,3991.3,18150.5,-1,3670.9,13068.9,-7.6,3692.2,11940.4,3554.34%,38.64%,74.42%,270.1,1426.5,8885.7,9786.64%,43.68%,111.07%,9179.1,1743.2,20159.4,2.7,112.3,14,1.7,78.8,5.8,2.5,109.3,6.1,8148.37%,228.83%,3371.09%,203.7,250.1,205.6,7960.97%,227.72%,5165.90%,212.4,255.6,722.7,39.8,14645.9,72.1,20.5,14117.3,24.4,28.3,13862.2,29.5,880.65%,25.60%,854.88%,249.2,3548.2,252.2,1271.73%,28.83%,1564.76%,506,4222.5,1128.4,20.4,1069,23.4,14.3,1067.8,16.5,20.1,1070.6,20.6,898.28%,4.47%,889.83%,180.9,47.9,183.2,933.22%,4.91%,838.18%,190,52.5,195.8
B2,,4115314,6331,16886,100.00%,0.15%,0.41%,100.00%,0.15%,0.41%,45725.54,70.34,187.62,3,1328.5,436.3,-0.2,1260.7,270.3,-0.9,1290.1,289.6,13409.29%,31.28%,90.67%,120.7,403.6,262.6,7177.75%,32.37%,125.71%,212.9,430,548.5,83.1,3471.6,18702.3,-1.5,3216,13209.4,-8.1,3225,11884,3333.10%,36.71%,74.01%,270,1184,8795.5,2428.85%,41.76%,113.79%,2017.8,1449.7,21281.3,2.8,143.4,14.9,1.9,104.7,5.6,2.5,143.4,7.6,8142.44%,175.86%,2632.83%,203.6,252.2,201.4,7667.55%,180.48%,5507.92%,213.6,258.7,819,48.1,13689.3,91,20.4,13261.1,22.9,27.6,13019.3,29.4,904.06%,24.58%,848.71%,249.5,3200,249.5,1283.57%,27.02%,1616.50%,617.9,3698.6,1470.7,20.4,1058.2,23.8,14.1,1056.8,15.3,19.6,1058.6,21.2,925.98%,4.56%,855.61%,181.2,48.3,181,943.22%,5.18%,822.67%,192,54.9,196.1
C1,,4032009,3243,18185,100.00%,0.08%,0.45%,100.00%,0.08%,0.45%,44800.05,36.03,202.06,3.3,1426.5,410.2,-0.4,1359.6,257.7,-1.2,1388,283.4,10143.45%,29.75%,89.67%,121.7,412.9,254.1,9543.65%,30.82%,120.55%,318.7,439.7,494.5,103.5,4132.1,17757.4,-2,3785.8,12797.2,-9.1,3769.6,11604.3,2981.49%,37.43%,72.56%,271.3,1411.1,8420,8798.47%,44.70%,108.67%,9103.1,1846.9,19296.9,2.6,114.1,12.7,1.6,79.3,4.6,2.3,113.4,6.1,8856.92%,225.27%,3371.09%,203.7,255.5,205.6,8610.84%,230.87%,6047.57%,219.6,263.5,765.5,39.8,14727.2,62.7,20.6,14152.1,23,28.3,13855.1,32.1,881.18%,25.46%,767.16%,249.4,3528.1,246.3,1284.69%,30.71%,1731.00%,511.3,4522.4,1085.9,20.3,1068.1,23.2,14.4,1066.7,15.8,20.1,1070.7,22.9,901.57%,4.55%,781.53%,181.1,48.7,178.6,937.29%,5.26%,824.34%,190.1,56.2,191.2
C2,,4049555,6886,16658,100.00%,0.17%,0.41%,100.00%,0.17%,0.41%,44994.91,76.51,185.09,3.4,1344.1,445.5,-0.1,1274.9,267.7,-0.7,1306.6,289.9,17261.70%,31.46%,92.31%,120.8,411.1,267.6,9046.06%,32.27%,138.76%,311.7,433.7,618.2,86.4,3538.2,19184.8,-1.5,3271.8,13311.8,-8.1,3286.9,11924.2,3334.93%,36.36%,75.04%,270.1,1195,8947.6,5930.66%,42.15%,124.77%,5124.1,1491.3,23936.2,2.7,153.1,6.8,1.8,113.8,3.9,2.5,153.8,4.8,8142.44%,166.82%,4213.05%,203.6,256.6,202.2,7621.20%,169.52%,3196.98%,207.6,259.5,218.4,50.2,13484.1,94.7,20.7,13030.6,24.4,27.8,12842.7,33,898.63%,25.69%,750.72%,249.8,3298.8,248.1,1266.38%,28.00%,1273.40%,635.1,3776,1205.9,20.6,1057.4,24.3,14.2,1055.9,16.3,19.7,1058.4,23.5,920.21%,4.80%,767.94%,181.5,50.8,180.7,935.61%,5.22%,817.87%,192.5,55.2,198.8
X1,,4048127,309,17795,100.00%,0.01%,0.44%,100.00%,0.01%,0.44%,44979,3.43,197.72,2.9,1313.1,399.6,-0.4,1249,251.6,-0.9,1288.8,275.2,13475.19%,32.10%,92.23%,121.3,413.6,253.8,18684.14%,31.49%,114.78%,536.8,413.5,458.7,91.9,3878.4,17443.2,-1.5,3619.2,12640.1,-7.8,3629,11336.3,3465.10%,34.19%,72.54%,270.3,1240.6,8222.8,10183.03%,39.29%,102.93%,9361.5,1524,17954.7,2.5,147.7,11.9,1.6,103.7,4.7,2.4,143.6,5.9,8487.88%,184.81%,3455.21%,203.7,265.4,203.9,8418.32%,178.27%,6887.83%,213.9,263.2,822.2,29.5,14353.2,43.3,20.4,13851.9,23.2,28.6,13908.4,32.6,870.90%,25.61%,759.04%,249.1,3561.7,247.4,979.73%,28.69%,2184.95%,289.2,4117.4,947,20,1060.8,21.8,14.4,1059.6,16.2,20.3,1064.9,23,889.30%,4.59%,787.82%,180.9,48.9,180.8,938.54%,4.68%,864.26%,187.9,49.6,188.7
X2,,4029202,570,16578,100.00%,0.01%,0.41%,100.00%,0.01%,0.41%,44768.64,6.33,184.2,1.6,1313.5,400.9,-0.2,1250.6,253.6,-0.5,1289.6,276.7,24136.73%,32.72%,90.28%,120.7,421.9,249.8,16902.28%,30.98%,114.80%,272.2,407,460.2,80.3,3575.9,17679.9,0.1,3302.1,12742.8,-5.2,3266,11336.5,5174.84%,34.19%,71.23%,269.1,1116.6,8075.3,11183.65%,43.19%,104.75%,8981,1544.4,18519.1,2.5,161.8,7.7,1.6,113.1,5.7,2.4,157.1,9,8494.06%,152.46%,2251.90%,203.9,239.5,202.7,8310.80%,151.22%,2678.10%,207.5,244.7,206.4,30.5,13680.4,33.2,20.5,13263,20.3,28.9,13063.3,29.7,862.37%,24.28%,839.81%,249.2,3171.2,249,997.43%,26.37%,1114.05%,303.8,3606.9,370.1,20.1,1050.8,20.6,14.5,1049.6,14.4,20.5,1052.1,21.1,883.96%,4.68%,864.60%,181,49.2,182.7,934.81%,4.64%,920.39%,188.2,48.8,189.9
Y1,,4127752,337,18280,100.00%,0.01%,0.44%,100.00%,0.01%,0.44%,45863.8,3.74,203.11,1.4,1372.6,406.3,-0.3,1308.9,260.8,-0.8,1336.1,287,15122.52%,30.96%,89.82%,121,413.6,257.8,20288.50%,30.64%,114.54%,281.1,420.6,465.4,98,4042.2,17750.6,-0.3,3726.5,13001,-5.6,3720,11880.4,4810.51%,36.93%,72.90%,269.4,1373.6,8660.4,15160.41%,43.73%,100.52%,14863,1767.6,17843.1,2.6,110.1,6.4,1.7,81.3,3.9,2.6,116.1,4.5,7823.57%,195.38%,4487.34%,203.4,226.8,201.9,8114.89%,232.78%,3245.49%,207.2,256.3,207.9,29.6,14573.3,33.3,20.4,14006.8,21.5,28.7,13703.6,29.4,868.38%,26.24%,851.74%,249.2,3596,250.4,968.82%,30.57%,1021.25%,286.4,4455.1,339.8,20,1063.6,21.3,14.4,1062.4,15.1,20.4,1068.5,21.1,887.23%,4.19%,857.80%,180.9,44.7,180.8,938.25%,4.66%,885.88%,187.8,49.6,189
Y2,,4046144,459,16950,100.00%,0.01%,0.42%,100.00%,0.01%,0.42%,44956.95,5.1,188.33,1.3,1306.5,405.9,-0.2,1239.8,256.5,-0.6,1267.4,280.8,20138.65%,33.11%,91.03%,120.8,419.6,255.6,18893.97%,32.55%,109.92%,252.4,425.3,446.2,77.4,3523.6,17768.7,0,3268.5,12894,-5.1,3229.6,11637.7,5287.94%,36.73%,73.07%,269.7,1186.2,8503.7,2347.21%,42.18%,99.69%,1815.7,1486.1,17714.2,2.6,158.1,7.6,1.7,117.8,5,2.6,152.1,8,7846.38%,159.47%,2581.58%,204,242.6,206.5,8072.71%,157.52%,2758.63%,207.7,249.1,208.4,30.1,13478.5,34.4,20.7,13027.7,19.9,29,12633.1,24,859.40%,23.71%,1048.94%,249.2,2995.9,251.7,971.39%,28.88%,1178.65%,292.8,3892.3,405.3,20.2,1051.5,20,14.6,1050.3,14.5,20.6,1051.3,17.1,878.99%,4.79%,1063.19%,180.9,50.4,182,930.45%,4.91%,956.22%,188.1,51.6,191.7
Z1,,4126470,301,17759,100.00%,0.01%,0.43%,100.00%,0.01%,0.43%,45849.48,3.34,197.32,2,1452.8,455.5,-0.3,1384.9,289.3,-0.9,1427.5,314.4,13376.35%,29.61%,91.48%,120.4,422.7,287.6,18438.51%,29.38%,109.53%,371,426.8,498.9,98.7,4156,19754.9,0.3,3819.5,14126.8,-4.9,3882.7,13078,5485.62%,37.20%,77.69%,268.8,1444.5,10160.9,10262.69%,42.16%,101.40%,10133.4,1752.1,20031.3,2.6,133.3,9.9,1.7,103.1,6.7,2.5,131.8,10.5,8142.44%,204.73%,1949.97%,203.6,269.8,204.7,8028.91%,200.93%,2108.10%,207.3,267.8,208.7,29.7,14795,38.7,20.6,14276.4,24.6,29,14142.9,33.8,858.89%,25.30%,745.25%,249.1,3578.8,251.9,952.81%,27.63%,959.48%,283.4,4087.6,371.5,20.2,1069.4,24.8,14.6,1068.2,18,20.6,1068.2,24.3,876.00%,4.69%,747.21%,180.9,50.1,181.8,929.75%,4.60%,757.76%,187.8,49.2,187.7
Z2,,4019978,2148,19623,100.00%,0.05%,0.49%,100.00%,0.05%,0.49%,44666.23,23.87,218.03,2.2,1327.2,418.9,-0.2,1258.9,266.5,-0.8,1297,291.6,15085.45%,31.83%,90.55%,120.7,412.8,264.1,14603.94%,31.63%,111.22%,316.3,419.8,465.9,93.7,3514.2,18279.3,-0.5,3285.7,13227.5,-6.6,3297.7,12083.3,4092.87%,33.84%,74.29%,270.1,1116.1,8976.7,2915.55%,38.51%,102.05%,2732.9,1353.3,18654.3,2.8,154.2,7.2,1.8,114.2,5.4,2.6,150,7.3,7834.97%,167.73%,2802.72%,203.7,251.7,204.6,7964.98%,171.75%,2873.81%,221.9,264.9,206.6,35.1,13210.3,34.5,20.5,12790.8,19.4,28.4,12735.4,27.5,878.08%,26.11%,924.06%,249.4,3324.7,254.1,1153.33%,26.02%,1475.97%,404.8,3436.9,508.5,20.2,1048.1,19.6,14.4,1046.7,13.6,20.2,1050.3,19,897.68%,4.65%,968.29%,181.2,48.8,184.2,937.87%,5.25%,973.74%,189.3,55,190.6
A3,,4005982,8307,15432,100.00%,0.21%,0.39%,100.00%,0.21%,0.39%,44510.88,92.3,171.47,3.1,1057,430.8,-0.1,991.4,258.5,-0.7,1014.1,278.3,17515.86%,34.36%,88.53%,122.6,348.4,246.3,8186.23%,36.26%,149.34%,254.5,383.2,643.3,81.7,3106.4,18271.7,-2.3,2893.6,12680.9,-9.3,2921,11292.2,2899.84%,35.59%,70.86%,269.7,1039.6,8001.9,8012.62%,40.24%,135.17%,6546.6,1250.1,24698.5,2.4,106.5,8,1.5,77.3,5.3,2.1,107.8,7.6,9686.32%,229.68%,2707.70%,203.4,247.6,205.8,9554.74%,243.33%,2624.18%,225.6,259.2,209.6,51.1,12010.2,140.9,20,11607.1,26.9,26.5,11408.6,31.9,941.03%,25.84%,796.61%,249.4,2948.3,254.1,1232.89%,28.39%,1026.28%,629.6,3409.5,1445.9,20.1,1061.7,28.1,13.6,1060,17.3,18.8,1062.4,22.8,964.26%,5.28%,815.81%,181.1,56.1,185.7,964.31%,5.67%,756.91%,193.4,60.2,212.4
A4,,4007439,38705,15659,100.00%,0.97%,0.39%,100.00%,0.97%,0.39%,44527.07,430.06,173.99,6.9,952.7,449.3,-0.6,884.4,267.4,-2.9,908.2,286.5,4227.97%,36.18%,90.66%,122.6,328.5,259.8,3467.53%,38.23%,143.95%,238.8,364.2,646.7,87.8,2759,18893.4,-6.7,2538.9,13005.2,-18.8,2600.6,11604.8,1457.36%,37.78%,71.89%,274,982.5,8342.7,2658.79%,42.39%,133.25%,2334,1169.5,25175.1,3,107.6,8.4,1.8,77.9,5.2,2.7,108.3,7.8,7550.28%,229.30%,2596.45%,203.9,248.3,202.5,7526.65%,239.78%,2465.14%,222.1,258,206.4,124.3,11342.3,226.1,17.4,10906.9,23.8,17.5,10795.4,18.3,1447.02%,27.67%,1414.55%,253.2,2987.4,258.9,960.78%,30.34%,798.27%,1194.6,3441.1,1805,19.1,1047.9,26.9,10,1045.5,13.1,12.3,1047.3,12.8,1492.35%,5.54%,1470.90%,184,58.1,188.3,1120.76%,7.15%,865.39%,214.1,74.9,232.6
A4 FF,,4017365,38710,15387,100.00%,0.96%,0.38%,100.00%,0.96%,0.38%,44637.32,430.11,170.97,6.4,925.4,444.2,-0.6,859,257.8,-2.8,883.2,275.1,4410.73%,36.49%,92.97%,123.5,322.2,255.7,4319.97%,38.09%,156.07%,274.5,352.5,693.2,86,2602.5,19006.5,-5.9,2379.9,13017.7,-17.3,2443.9,11731.5,1582.87%,38.59%,72.05%,273.8,943.1,8452.5,3020.63%,44.06%,141.53%,2597.5,1146.7,26899.7,2.9,156.9,11.1,1.7,115,7.7,2.4,156.8,7.4,8500.24%,159.98%,2786.89%,204,250.9,206.2,7240.06%,165.04%,1911.68%,208.1,258.9,212.1,123.3,11260,208.2,17.4,10836.9,25.1,17.6,10740.4,23.2,1438.80%,27.78%,1093.42%,253.2,2983.5,253.7,958.75%,29.66%,836.03%,1182.6,3340.2,1740.9,19.2,1043.6,28.4,10.1,1041.3,14.4,12.4,1043.4,16.3,1483.64%,5.58%,1130.96%,183.9,58.2,184.8,1115.01%,6.94%,802.24%,213.6,72.4,227.8
A5,,4017700,45665,11641,100.00%,1.14%,0.29%,100.00%,1.14%,0.29%,44641.07,507.39,129.34,13.5,1283.7,610.8,0.6,1183.4,309.8,-1.6,1254.1,312.3,7709.52%,40.61%,95.09%,123.4,509.3,297,2421.69%,38.49%,176.19%,327.4,494.1,1076.1,96.6,3709.4,25295.7,-10.3,3374.1,14999.8,-23.8,3494.2,12914,1158.05%,41.39%,78.74%,275.6,1446.1,10168.1,3206.42%,43.28%,163.16%,3098.6,1605.6,41271.6,2.9,163.9,12.3,1.8,121.1,7.5,2.3,165.3,8.2,8882.71%,156.06%,2507.76%,204.3,258,205.6,7118.30%,161.53%,1759.19%,208.6,264.7,216.3,184.4,14839.7,499.3,19,14148.9,34.5,17.9,14380,23,1416.34%,31.67%,1128.71%,253.5,4554.1,259.6,915.13%,31.32%,672.14%,1687.9,4648,3356.2,21.1,1057.5,40.4,10.5,1055.6,17.2,12.5,1057.6,16.1,1466.75%,4.49%,1177.49%,184.1,47.5,189.5,1036.42%,6.54%,645.32%,218.4,69.2,260.7
B3,,4114854,11288,18488,100.00%,0.27%,0.45%,100.00%,0.27%,0.45%,45720.53,125.42,205.42,3.3,1133.7,389,-0.2,1061.2,244.5,-1.1,1085.8,269,11132.98%,34.14%,89.02%,122.5,370.7,239.5,4500.14%,36.80%,129.60%,149.6,417.2,504.1,82.1,3285,16449.3,-3.6,3051.1,12043.6,-11.8,3057.6,10812.2,2298.03%,35.00%,68.86%,271.2,1070.3,7445.2,7402.41%,41.53%,114.04%,6076.3,1364.4,18758.8,2.5,109.2,8.1,1.6,78.3,5.2,2.4,108.9,6.2,8475.53%,229.71%,3271.29%,203.4,250,202.8,8265.16%,238.18%,2577.29%,207.3,260.2,208.1,60.8,12962.4,114.9,19.8,12505.3,25.5,25.9,12246.7,31.3,963.40%,26.10%,809.98%,249.5,3196.3,253.5,1244.28%,29.30%,1146.32%,756.2,3798.5,1316.9,20.1,1064.5,26.4,13.3,1062.9,16.7,18.3,1064.8,22.1,987.99%,4.96%,830.03%,181.2,52.8,183.1,972.23%,5.64%,777.16%,195.3,60,204.8
B4,,3992807,38519,17363,100.00%,0.96%,0.43%,100.00%,0.96%,0.43%,44364.42,427.99,192.92,6.9,963.3,425.3,-0.6,894.2,258.7,-3.1,918.2,280.4,3974.32%,36.35%,89.46%,123.2,333.7,250.9,3101.82%,38.67%,145.42%,212.8,372.5,618.5,93.5,2776.3,17751.8,-7.4,2548.6,12565.9,-19.9,2607.8,11303.9,1380.53%,37.88%,70.61%,274.7,987.7,7981.6,7156.07%,43.38%,130.12%,6689,1204.4,23099.1,2.7,114.6,9.1,1.7,84.2,7,2.4,116.3,6.5,8481.71%,217.10%,3124.86%,203.6,252.5,203.1,7621.67%,225.58%,2292.53%,207.7,258.6,209.2,126.6,11559.5,202.3,17.4,11116.4,22.9,17.8,10998.2,24.8,1423.46%,27.16%,1038.42%,253.4,2987.1,257.5,964.86%,30.85%,922.77%,1221.5,3566.5,1866.8,19.3,1048.5,25.3,10.1,1046.2,12.6,12.5,1047.8,17.6,1471.15%,5.48%,1062.24%,184,57.4,187.3,1106.53%,7.03%,898.38%,213.9,73.7,227
B4 FF,,4074866,38063,16626,100.00%,0.93%,0.41%,100.00%,0.93%,0.41%,45276.31,422.92,184.73,6.8,969.5,433,-0.5,897.3,261,-2.8,923.8,283.7,4400.14%,37.41%,91.66%,123.2,345.6,260,3377.34%,39.05%,139.59%,228.9,378.6,604.5,87.5,2760.7,18424.3,-6.4,2522.9,12986.3,-18.3,2581,11656,1497.18%,38.62%,72.65%,274,996.8,8467.9,2435.69%,44.70%,122.35%,2130.7,1234,22542.3,2.9,145.5,10.7,1.8,107.1,7,2.5,146.3,7.8,8148.37%,171.06%,2598.35%,203.7,250.3,202.7,7248.89%,177.31%,2270.28%,208.2,258,243.8,128.3,11975.7,234.2,18.2,11489,25.7,18.9,11367.1,22.3,1338.26%,28.17%,1163.76%,252.9,3202.1,258.9,967.74%,31.16%,867.74%,1241.8,3731.4,2032.6,19.9,1045,28.1,10.7,1042.8,14.4,13.3,1045.3,15.8,1379.99%,5.33%,1190.43%,183.8,55.7,188.2,1069.40%,6.72%,818.07%,212.8,70.3,230.2
B5,,4017602,64529,13338,100.00%,1.61%,0.33%,100.00%,1.61%,0.33%,44639.89,716.99,148.2,11.7,1014.8,526.9,-0.5,938.9,291.2,-3.9,966.5,303.8,3193.29%,37.94%,96.05%,124.5,366.6,291.8,1648.50%,38.88%,148.60%,193.3,394.6,783,93.4,2981.9,21605.1,-11.7,2730,14158.8,-28.2,2802.7,12499.7,986.30%,39.33%,77.04%,278.1,1102.2,9630,2384.61%,42.91%,134.04%,2228.3,1279.4,28959.5,3,139.9,12.3,1.8,101.8,6.7,2.4,141,12.1,8512.59%,178.75%,1671.29%,204.3,252,202.2,6854.77%,186.10%,1721.33%,208.8,260.3,212.1,215.8,12885.4,445.9,17.8,12351.8,30.1,12.8,12151.8,21.2,1999.19%,27.20%,1223.84%,255.9,3305.3,259.5,799.36%,30.83%,649.88%,1725.3,3972.1,2897.9,21,1049.9,37.6,8.7,1047.6,13.7,8.9,1048.8,14.9,2080.98%,4.97%,1268.31%,185.7,52.1,189.2,1096.04%,7.28%,693.78%,229.7,76.4,261
X3,,4011768,2314,16692,100.00%,0.06%,0.42%,100.00%,0.06%,0.42%,44575.21,25.71,185.47,1.8,1165.4,405.2,-0.1,1092.9,255,-0.4,1131.6,280.5,30467.43%,33.75%,89.78%,121.9,381.8,251.8,7971.99%,36.42%,122.06%,144,424.4,494.6,82.5,3344.3,17479.4,-1.1,3111.8,12646.6,-7,3151.8,11457.3,3842.05%,34.16%,71.56%,268.9,1076.6,8199.1,10043.97%,40.96%,108.29%,8285.2,1369.7,18928.4,2.3,120.8,7.2,1.5,84.9,5.2,2.1,120.2,6.3,9686.32%,206.42%,3242.89%,203.4,248.1,204.3,9145.45%,221.52%,2881.02%,208.7,267.7,208.4,35.4,12797.3,55.8,20.4,12352.9,22.7,28.2,12146.3,30.9,881.67%,25.31%,810.39%,248.6,3074.7,250.4,1165.52%,29.57%,1392.87%,412.1,3784.2,777.2,20.1,1057.6,22.4,14.3,1056.1,15.5,20,1058.2,22.2,900.02%,5.01%,812.10%,180.5,53.1,180.4,940.63%,5.46%,857.99%,188.8,57.8,191.9
C4,,4035112,37852,16604,100.00%,0.94%,0.41%,100.00%,0.94%,0.41%,44834.59,420.58,184.49,7.3,992.3,438,-0.5,919.9,262.2,-2.7,940.2,284,4568.60%,37.03%,90.94%,123.4,348.1,258.3,3850.83%,39.01%,149.88%,280.7,387.1,656.5,88.8,2886.3,18185.8,-7.1,2650.9,12817.9,-19.6,2695.3,11416.5,1400.91%,38.04%,70.94%,274.6,1025.3,8098.9,2439.21%,43.39%,133.87%,2165.3,1252.3,24345.3,3,119.3,7.4,1.9,87.1,5.5,2.6,119.6,5.5,7834.97%,208.26%,3695.72%,203.7,249.1,203.3,7050.72%,216.42%,2837.35%,208.9,258.2,209.5,128.9,12045.3,213.9,17.9,11548,24.1,18.4,11404.6,23.9,1374.63%,28.28%,1062.01%,252.9,3225.1,253.8,974.07%,31.83%,968.24%,1256,3834.6,2071.4,19.7,1050.9,26.8,10.5,1048.7,14,13,1050.1,16.9,1418.21%,5.27%,1092.92%,183.8,55.3,184.5,1084.13%,6.86%,837.29%,213.2,72,224.7
C4 FF,,4085179,39126,17018,100.00%,0.96%,0.42%,100.00%,0.96%,0.42%,45390.99,434.73,189.09,6.8,946.6,424.2,-0.5,878.6,259.3,-2.7,902,278.6,4568.60%,36.65%,91.48%,123.4,330.5,254.9,3672.22%,38.46%,128.18%,248.7,364.1,543.7,85.4,2652.9,17732.1,-6.4,2418.1,12684,-18.1,2483,11400.9,1517.00%,39.25%,71.36%,274.6,974.6,8135.2,2140.06%,45.14%,112.17%,1827.7,1197.6,19889.9,3,149,10,1.9,108.8,6.9,2.5,148.7,10.4,8166.16%,169.30%,1962.31%,204.2,251.7,204.1,6923.32%,174.13%,2081.32%,208.3,259.5,208.4,125.4,11502.9,203.4,17.5,11063,25.6,17.7,10916.3,25.6,1432.34%,27.34%,1015.81%,253.5,2985,260,961.50%,30.35%,834.71%,1205.6,3491.7,1697.6,19.3,1043,29.1,10.2,1040.7,14.9,12.4,1042.6,17.9,1481.67%,5.49%,1047.17%,184.1,57.3,187.8,1106.22%,6.99%,783.05%,213.6,72.9,227.9
C5,,3968964,64228,12523,100.00%,1.62%,0.32%,100.00%,1.62%,0.32%,44099.57,713.64,139.14,11.8,1003.1,563.4,-0.7,926.7,297.2,-4,953.8,308.9,3113.46%,38.02%,93.35%,124.5,362.6,288.4,2364.72%,39.30%,178.36%,279.1,394.2,1004.9,97.1,2979,23229,-11.6,2721.4,14410.2,-28,2793.9,12598.9,991.22%,39.64%,76.86%,277.5,1107.5,9683.5,2999.13%,43.46%,164.33%,2910.7,1294.8,38171.5,3.1,142.7,11.5,1.8,104.1,5.9,2.5,142.2,9.1,8172.09%,176.31%,2280.92%,204.3,250.7,207.6,6750.66%,181.04%,1877.15%,208.7,258.4,216.3,220,13031,464.9,18,12481.2,26.8,12.8,12301.8,15.6,1999.19%,27.70%,1673.63%,255.9,3408.1,261.1,800.81%,31.25%,777.39%,1761.4,4072.7,3613.8,21.1,1050.2,32.3,8.7,1047.7,11.4,8.9,1048.4,10.6,2087.16%,4.95%,1792.33%,185.8,51.9,190.1,1090.49%,7.50%,808.62%,229.9,78.8,261.3
C3,,4060765,6489,17572,100.00%,0.16%,0.43%,100.00%,0.16%,0.43%,45119.39,72.1,195.24,2.8,1120.7,386.7,-0.1,1050.6,240.6,-0.7,1075.5,266.3,17388.78%,35.39%,89.58%,121.7,380.6,238.6,9954.08%,36.02%,127.67%,274.6,403.7,493.7,81.1,3229.7,16410.1,-2.9,3002,11872.1,-10.1,3036.5,10567.5,2678.96%,35.49%,68.72%,270.6,1077.7,7262.1,10509.02%,40.85%,115.64%,8525.7,1319.2,18976.7,2.6,114.2,6.3,1.6,81.9,4.1,2.4,114.1,5.6,8469.35%,217.52%,3624.43%,203.3,248.2,203,8092.61%,228.49%,3376.64%,207.3,261,212.5,47.2,12745.4,92.4,20.1,12329.8,24.2,27.1,12118.9,29.4,918.01%,25.44%,843.17%,248.8,3082.6,247.9,1254.09%,27.29%,1222.01%,591.7,3478.6,1129,20.1,1057.3,23.9,13.8,1055.8,16,19.2,1059.2,21,939.36%,4.96%,862.82%,180.7,52.6,180.9,952.32%,5.37%,834.14%,191.7,56.8,199.2
X4,,4059288,5227,16816,100.00%,0.13%,0.41%,100.00%,0.13%,0.41%,45103.08,58.08,186.84,2.4,1178.2,419,0,1111.9,258.8,-0.6,1143.7,285.7,20311.62%,33.51%,91.18%,121.9,383.3,260.5,5737.06%,33.31%,131.16%,138.7,392.4,549.6,79.4,3222.2,18128.1,-1.3,3011.8,12969.1,-7.5,3067.9,11757.2,3587.89%,33.91%,72.03%,269.1,1040.2,8468.3,2500.53%,38.60%,117.99%,1986.1,1243.7,21388.9,2.5,139.4,11.3,1.6,102.7,4.2,2.4,143.4,4.1,8469.35%,176.38%,4917.89%,203.3,252.9,201.6,8542.98%,185.56%,6732.63%,212.5,258.7,760.8,43.8,13224.6,73.6,20.1,12832.5,23.8,27.1,12652.4,29.3,918.56%,25.04%,860.51%,248.9,3168.2,252.6,1269.12%,25.92%,1522.53%,555.4,3427.9,1121.3,19.8,1055.2,24.4,13.9,1053.8,16.3,19.3,1057.2,21.3,937.42%,4.87%,856.66%,180.7,51.5,182.8,962.08%,4.99%,799.18%,190.8,52.7,194.8
X4 FF,,2779058,3169,9798,100.00%,0.11%,0.35%,100.00%,0.11%,0.35%,46317.32,52.82,163.3,2.8,1148.3,374.8,0,1081.1,229.7,-0.2,1111.2,251.6,60712.48%,33.57%,91.07%,121.4,373,229.1,15468.48%,34.13%,131.31%,433.4,391.9,492.1,61.1,3048.3,16500.3,-2.1,2834.6,11853.1,-8.2,2898.9,10516,3281.61%,35.20%,68.24%,269.1,1020.5,7175.9,2926.81%,40.13%,119.42%,1787.1,1223.4,19703.9,2.3,180.1,8.7,1.5,133.3,6.2,2.1,178.5,7.6,9700.44%,141.78%,2714.83%,203.7,253.1,205,9077.60%,142.44%,2379.19%,207.3,256.6,205.8,41.3,12853.4,44.2,20,12474.4,23.3,27.1,12284.6,31.6,918.56%,24.77%,799.71%,248.9,3043.5,252.7,1246.00%,26.10%,1084.47%,514,3355.1,479.1,19.7,1047.1,22.7,13.8,1045.7,16,19.2,1048.5,22.7,940.84%,4.81%,807.76%,180.6,50.4,183,967.06%,5.21%,843.79%,190.4,54.5,191.4
X5,,4116964,13727,14586,100.00%,0.33%,0.35%,100.00%,0.33%,0.35%,45744.07,152.52,162.07,3.6,979.7,466.6,-0.2,916.3,275.8,-1.1,940.2,292.9,11092.54%,35.18%,91.69%,122,330.8,268.6,7385.10%,36.57%,135.82%,262.8,358.3,633.7,77.2,2814.8,20066.4,-2.1,2626,13587,-8.7,2678.3,12062.8,3094.71%,34.41%,73.80%,269.2,921.7,8902,2734.16%,38.92%,128.48%,2109.6,1095.5,25780.9,2.3,135.6,8.2,1.5,99.7,5.5,2.2,137.3,7.7,9246.03%,182.49%,2639.80%,203.4,250.6,203.3,8903.18%,190.39%,2567.66%,207.1,258.2,209.4,61.1,11233.4,120,19.3,10847.3,24.9,24.7,10634.5,28.2,1010.81%,26.97%,881.41%,249.7,2867.9,248.6,1183.27%,29.07%,993.55%,722.8,3265.8,1192.4,19.5,1042.8,25.6,12.8,1040.9,15.7,17.5,1044.8,19.8,1036.14%,5.49%,907.41%,181.2,57.3,180,1007.25%,6.05%,812.54%,196.3,63.1,208.3
Y3,,4030636,1101,17288,100.00%,0.03%,0.43%,100.00%,0.03%,0.43%,44784.77,12.23,192.09,1.8,1235.6,419,0,1170.8,267.1,-0.4,1201.7,289.5,30467.43%,32.19%,89.60%,121.9,386.8,259.4,11882.21%,33.32%,116.61%,212.9,411.7,488.6,81,3547.9,17933.1,-0.7,3327.9,12924.9,-6.3,3319.7,11586.6,4266.59%,32.16%,72.95%,268.8,1067.6,8452.7,2410.85%,37.64%,106.74%,1953.6,1335.5,19142.6,2.3,152.1,6.9,1.6,108.4,4.8,2.3,148.1,7.1,8837.58%,162.28%,2836.78%,203.3,240.3,201.4,8838.33%,163.94%,3007.87%,207.1,249.3,207.9,31.8,13340.2,38.9,20.3,12909.8,20.7,28.3,12598.1,28.1,878.56%,25.25%,898.53%,248.6,3180.5,252.5,1076.02%,28.88%,1516.25%,341.7,3852.9,590.1,19.9,1050.3,19.5,14.2,1048.9,14.4,20.1,1052.1,20.3,898.71%,4.80%,898.50%,180.4,50.5,182.7,944.19%,5.02%,976.17%,188,52.8,190.1
Y4,,4096458,5030,18069,100.00%,0.12%,0.44%,100.00%,0.12%,0.44%,45516.11,55.89,200.77,2.8,1280.6,403.5,0,1215.8,258.4,-0.5,1246.3,284.8,24433.25%,32.24%,89.28%,122.2,401.8,254.3,9912.37%,32.08%,112.55%,278.6,410.8,454.2,81.9,3390.2,17203.9,-1.6,3180.9,12664.5,-8,3213.6,11482.9,3369.21%,32.78%,70.46%,269.5,1053.5,8090.4,3793.84%,37.57%,100.57%,3107.7,1273.8,17302.1,2.5,163.3,13.4,1.6,119.6,5.4,2.4,160.1,9,8469.35%,159.42%,2281.56%,203.3,255.3,205.3,8494.82%,162.57%,5839.25%,213.1,265.5,785.1,44.1,13942.8,49.4,20.2,13544.3,21.4,27.5,13406.4,29.9,904.66%,24.71%,831.05%,248.8,3312.5,248.5,1282.24%,25.67%,1400.98%,564.8,3578.7,692.6,20,1055.6,20.8,13.9,1054.3,14.6,19.5,1056,21.3,925.65%,4.60%,842.43%,180.5,48.6,179.7,954.76%,4.93%,914.51%,190.6,52,190.1
Y4 FF,,2836707,2753,8568,100.00%,0.10%,0.30%,100.00%,0.10%,0.30%,47278.09,45.88,142.8,2,1215.9,342.3,0.2,1148,220.2,0,1180.7,249.1,####,33.33%,90.66%,121.4,393.5,225.8,11511.27%,33.63%,124.16%,229.2,408.9,425,48.6,3194.4,14927.9,-1.8,2969.3,11247.2,-7.1,3022.5,10145,3794.20%,35.51%,66.35%,269.4,1073.4,6731.3,2870.95%,40.83%,110.20%,1396.2,1304.2,16451.2,2.5,222,10.6,1.6,165.9,7.5,2.4,218.2,11.6,8463.17%,118.36%,1730.55%,203.1,258.3,200.7,8167.68%,120.54%,1957.88%,207.3,267.6,207.9,39.9,13360.4,52.3,20.1,12977.9,23.1,27.7,12697.5,32.2,898.12%,23.41%,776.81%,248.8,2972.3,249.7,1249.34%,26.00%,1183.33%,498.6,3473.8,619.3,19.7,1048.4,22.8,13.9,1047.1,15.7,19.6,1049.5,22.4,919.37%,4.52%,802.54%,180.4,47.5,179.9,960.96%,4.95%,841.11%,189.8,51.9,191.8
Y5,,4043411,11589,15024,100.00%,0.29%,0.37%,100.00%,0.29%,0.37%,44926.84,128.77,166.93,4,1126.9,473.9,-0.1,1058.4,285.5,-0.9,1087.7,302.3,13574.03%,34.20%,92.50%,122.2,372,279.6,7911.17%,43.06%,124.71%,316.5,485.2,591,89.5,3134.3,20246,-2.2,2930.8,13920.7,-8.9,2963.2,12314.8,3025.17%,33.69%,76.19%,269.2,998.4,9382.9,13611.83%,39.07%,113.56%,12175.9,1224.6,22990.4,2.3,159.4,9.2,1.5,118.1,7,2.3,162.7,8.5,8844.03%,156.37%,2375.65%,203.4,254.4,201.9,8884.16%,165.09%,2259.42%,207.3,263.1,208.7,64,13592.2,120.6,19.9,13164.2,20.7,25.9,12948.7,25.2,963.40%,25.96%,1006.34%,249.5,3361.5,253.6,1248.08%,27.72%,1043.61%,799,3768,1258.5,20.1,1054.8,22.8,13.4,1053.4,12.7,18.3,1055.3,17.8,986.88%,4.65%,1026.94%,181,49.1,182.7,970.08%,5.27%,909.56%,195,55.6,206.9
Z3,,4104839,1078,18049,100.00%,0.03%,0.44%,100.00%,0.03%,0.44%,45609.18,11.98,200.54,1.8,1263,386.1,0,1192.5,248.1,-0.4,1211.9,273.7,30282.10%,33.08%,88.62%,121.1,400.9,242.6,13671.12%,35.25%,113.50%,241.3,445.2,438.2,77.8,3639.9,16642.3,-1.2,3386.2,12261.9,-7.2,3412.5,11123.1,3739.45%,32.13%,69.70%,269.2,1096.3,7752.7,2977.01%,40.62%,102.65%,2315.3,1478.5,17082.9,2.3,138.4,12.2,1.4,103.3,4.2,2.3,142.6,5.2,8837.58%,172.34%,3983.06%,203.3,245.7,207.1,9154.15%,187.05%,6332.05%,212.9,258.9,773,31.6,13566.4,44.7,20.2,13093.5,24.6,28.2,12740.5,31.9,880.62%,25.83%,778.02%,248.3,3291.4,248.2,1105.23%,30.53%,1884.15%,349.5,4142.1,841.3,19.8,1051.6,23.5,14.2,1050.3,17.2,20,1052,22.9,900.44%,4.85%,780.36%,180.3,51,178.6,946.39%,5.02%,807.44%,187.9,52.8,189.3
Z4,,4042849,4601,18675,100.00%,0.11%,0.46%,100.00%,0.11%,0.46%,44920.49,51.12,207.5,2.6,1260.4,385.9,0,1196.2,244,-0.6,1227.1,270,20336.33%,31.69%,89.51%,122,388.9,241.7,10707.98%,32.15%,118.71%,283.2,405.2,458.1,79.2,3460.5,16432,-2.5,3248.1,12067.8,-9.8,3271.9,10838.3,2756.43%,33.26%,69.01%,270.1,1088.4,7479.6,2272.50%,37.44%,105.83%,1800,1295.6,17390.5,2.5,158.7,7.7,1.5,117.1,4.9,2.4,157.5,7.1,8469.35%,164.55%,2910.91%,203.3,259.2,206.7,8391.63%,165.61%,2727.77%,207.1,262.8,211.2,43.1,14125.2,51.3,20.2,13731.5,23.2,27.7,13542.7,29.6,899.19%,23.89%,837.97%,249.1,3235,248,1281.87%,25.15%,1258.61%,552.9,3552,645.4,20,1055.4,21.5,14,1054.2,15.8,19.6,1056,20.8,919.21%,4.51%,859.83%,180.6,47.6,179.1,953.00%,4.88%,886.52%,190.3,51.6,190.5
Z4 FF,,4090771,4569,18280,100.00%,0.11%,0.45%,100.00%,0.11%,0.45%,45453.19,50.77,203.11,2.3,1221.5,392.4,0,1156.1,249.1,-0.4,1193.8,273.8,30430.36%,32.03%,89.75%,121.7,382.4,245.7,5959.20%,32.55%,118.93%,137.6,397.6,466.7,78.8,3219.7,16860,-1.7,3017.9,12364.5,-8.3,3071.5,11188,3251.00%,32.65%,69.94%,269.8,1003,7825.1,2727.39%,38.47%,106.16%,2149.5,1238.6,17898,2.4,213.9,10,1.5,157.3,6.6,2.3,208.1,8.8,8844.03%,120.69%,2315.40%,203.4,251.2,202.6,8619.17%,121.80%,2091.93%,207.5,260.6,209.3,42.3,13805.3,56.8,20,13422.8,19.9,27.2,13221.3,25.7,914.63%,22.86%,968.59%,248.8,3022.9,248.9,1282.48%,25.36%,1449.41%,542.5,3500.6,823.3,19.8,1047.4,19.9,13.8,1046.2,13.6,19.3,1048.2,18.5,935.34%,4.53%,981.53%,180.5,47.5,181.6,962.85%,4.74%,969.29%,190.2,49.7,193.3
Z5,,4206301,11582,16027,100.00%,0.28%,0.38%,100.00%,0.28%,0.38%,46736.65,128.69,178.08,3.7,1104.8,472.3,0,1038,282.5,-0.7,1067,297.3,17409.96%,34.36%,92.91%,121.9,366.6,276.2,6060.09%,34.88%,130.39%,225.7,385.4,615.9,83,3092,20231.7,-2.2,2881.1,13761.9,-8.9,2925.6,12223.7,3030.17%,34.45%,75.74%,269.7,1008,9258.8,2669.68%,39.43%,121.79%,2217.1,1219,24639.4,2.6,164.5,5.1,1.7,120.4,2.8,2.3,164.4,6.4,8831.14%,152.14%,3150.53%,203.1,250.2,201.6,8108.67%,157.48%,4060.19%,207.6,259.1,208.2,62.6,13584.9,102.7,19.9,13180.2,22.8,26.1,13042.1,26.6,955.45%,25.54%,940.28%,249.4,3331.2,250.1,1249.19%,26.10%,1189.08%,781.8,3545.9,1221.5,20.1,1053.3,23.7,13.4,1052,14.8,18.5,1054,18.8,980.36%,4.64%,965.91%,180.9,48.9,182,970.62%,5.07%,864.31%,194.7,53.4,204.9