Experiment Name:,Exp_20210104_1,,,,,,,,,,,,,,,,,,,,,,,,,,,,,,,,,,,,,,,,,,,,,,,,,,,,,,,,,,,,,,,,,,,,,,,,,,,,,,,,,,,,,,,,,,,,,,,,,,,,,,,,,,,,,,,,,,,,,
,,,,,,,,,,,,,,,,,,,,,,,,,,,,,,,,,,,,,,,,,,,,,,,,,,,,,,,,,,,,,,,,,,,,,,,,,,,,,,,,,,,,,,,,,,,,,,,,,,,,,,,,,,,,,,,,,,,,,,
Tube Name:,Sample ID:,All Events ,Picochlorum Events,P2 Events,All Events  % Total,Picochlorum % Total,P2 % Total,All Events  % Parent,Picochlorum % Parent,P2 % Parent,All Events  Events/μL(V),Picochlorum Events/μL(V),P2 Events/μL(V),All Events  Mean FSC-A,Picochlorum Mean FSC-A,P2 Mean FSC-A,All Events  Mean SSC-A,Picochlorum Mean SSC-A,P2 Mean SSC-A,All Events  Mean PE-A,Picochlorum Mean PE-A,P2 Mean PE-A,All Events  Mean PC5.5-A,Picochlorum Mean PC5.5-A,P2 Mean PC5.5-A,All Events  Mean PC5.5-Width,Picochlorum Mean PC5.5-Width,P2 Mean PC5.5-Width,All Events  GeoMean FSC-A,Picochlorum GeoMean FSC-A,P2 GeoMean FSC-A,All Events  GeoMean SSC-A,Picochlorum GeoMean SSC-A,P2 GeoMean SSC-A,All Events  GeoMean PE-A,Picochlorum GeoMean PE-A,P2 GeoMean PE-A,All Events  GeoMean PC5.5-A,Picochlorum GeoMean PC5.5-A,P2 GeoMean PC5.5-A,All Events  GeoMean PC5.5-Width,Picochlorum GeoMean PC5.5-Width,P2 GeoMean PC5.5-Width,All Events  Median FSC-A,Picochlorum Median FSC-A,P2 Median FSC-A,All Events  Median SSC-A,Picochlorum Median SSC-A,P2 Median SSC-A,All Events  Median PE-A,Picochlorum Median PE-A,P2 Median PE-A,All Events  Median PC5.5-A,Picochlorum Median PC5.5-A,P2 Median PC5.5-A,All Events  Median PC5.5-Width,Picochlorum Median PC5.5-Width,P2 Median PC5.5-Width,All Events  rCV FSC-A,Picochlorum rCV FSC-A,P2 rCV FSC-A,All Events  rCV SSC-A,Picochlorum rCV SSC-A,P2 rCV SSC-A,All Events  rCV PE-A,Picochlorum rCV PE-A,P2 rCV PE-A,All Events  rCV PC5.5-A,Picochlorum rCV PC5.5-A,P2 rCV PC5.5-A,All Events  rCV PC5.5-Width,Picochlorum rCV PC5.5-Width,P2 rCV PC5.5-Width,All Events  rSD FSC-A,Picochlorum rSD FSC-A,P2 rSD FSC-A,All Events  rSD SSC-A,Picochlorum rSD SSC-A,P2 rSD SSC-A,All Events  rSD PE-A,Picochlorum rSD PE-A,P2 rSD PE-A,All Events  rSD PC5.5-A,Picochlorum rSD PC5.5-A,P2 rSD PC5.5-A,All Events  rSD PC5.5-Width,Picochlorum rSD PC5.5-Width,P2 rSD PC5.5-Width,All Events  CV FSC-A,Picochlorum CV FSC-A,P2 CV FSC-A,All Events  CV SSC-A,Picochlorum CV SSC-A,P2 CV SSC-A,All Events  CV PE-A,Picochlorum CV PE-A,P2 CV PE-A,All Events  CV PC5.5-A,Picochlorum CV PC5.5-A,P2 CV PC5.5-A,All Events  CV PC5.5-Width,Picochlorum CV PC5.5-Width,P2 CV PC5.5-Width,All Events  SD FSC-A,Picochlorum SD FSC-A,P2 SD FSC-A,All Events  SD SSC-A,Picochlorum SD SSC-A,P2 SD SSC-A,All Events  SD PE-A,Picochlorum SD PE-A,P2 SD PE-A,All Events  SD PC5.5-A,Picochlorum SD PC5.5-A,P2 SD PC5.5-A,All Events  SD PC5.5-Width,Picochlorum SD PC5.5-Width,P2 SD PC5.5-Width
01aA,,4217608,35660,1144,100.00%,0.85%,0.03%,100.00%,0.85%,0.03%,46862.26,396.22,12.71,8.9,1189.5,2134.8,72.7,4376.6,75766.5,2.8,169.7,821.8,208.3,21128.9,10137.9,20.3,1091.3,357.2,-0.5,1061.8,911.9,-11.1,3668.8,37192.8,1.3,113.2,86.3,18.9,19200.1,863.5,10.9,1089.2,169,-2.3,1053,845.2,-24.5,3616.3,28575.2,1.9,150.3,89.8,19.3,18064.3,170.4,13.6,1085.7,120,5376.04%,33.95%,116.99%,1155.82%,38.66%,91.82%,10791.77%,175.19%,259.04%,1314.37%,25.63%,271.32%,1351.12%,3.68%,277.90%,123.6,357.5,988.8,283.2,1397.9,26237.4,205,263.3,232.6,253.7,4630,462.2,184.3,39.9,333.4,4971.31%,80.71%,135.82%,17369.56%,123.65%,138.50%,12450.84%,613.60%,1079.42%,1967.16%,95.11%,240.68%,1054.05%,6.94%,157.78%,440.2,960,2899.6,12623.8,5411.6,104933.7,347,1041.1,8870.3,4097.2,20094.9,24399.4,213.5,75.7,563.5
05aA,,4011182,41578,880,100.00%,1.04%,0.02%,100.00%,1.04%,0.02%,44568.79,461.98,9.78,8.7,1114.2,1970,54.1,4097,67602.8,2.5,176.9,124,226.9,19534.9,9074.1,21.5,1084.6,309.3,-0.6,1002.2,828.8,-10.3,3468,33952.2,1.4,124.1,67.5,19.8,17935.2,648.3,11.1,1082.6,143.8,-2.9,1004.5,778.4,-22.1,3484.1,27263.1,1.9,166.4,81,19.1,17012.1,145,13.5,1079.9,107,4258.64%,33.78%,112.71%,1260.55%,40.50%,90.18%,10799.57%,156.81%,294.14%,1329.68%,25.36%,265.58%,1369.36%,3.82%,272.05%,123.5,339.4,877.3,278.6,1411.1,24586.6,205.2,260.9,238.3,254,4314.1,385,184.5,41.3,291,3716.39%,78.48%,145.17%,12953.33%,121.95%,144.10%,8566.06%,185.01%,285.86%,1653.56%,92.31%,261.88%,1013.68%,6.74%,176.50%,322.2,874.4,2859.9,7002.8,4996.5,97414.7,212.5,327.3,354.4,3751.6,18032.4,23762.9,217.9,73.1,546
09aA,,4015302,45141,1020,100.00%,1.12%,0.03%,100.00%,1.12%,0.03%,44614.48,501.57,11.33,8.8,1081.2,1973.9,58.6,4017.9,66440.5,2.6,201.6,158.7,241.3,19218.1,9683.9,22.1,1080.9,341.5,-0.8,964.2,843.4,-10,3351.7,33512.8,1.4,142.7,78.5,20.2,17588.1,800.3,11.2,1078.7,165,-3.3,964.3,766.9,-22,3367.5,26603.4,1.7,189.1,83.7,18.9,16545.3,162,13.3,1075.4,116.2,3746.93%,34.19%,112.98%,1266.95%,41.19%,88.28%,12078.83%,140.26%,324.79%,1344.54%,24.51%,278.86%,1387.33%,3.96%,282.07%,123.6,329.7,866.5,278.7,1387,23484.8,205.3,265.2,271.7,254.1,4054.6,451.9,184.6,42.6,327.7,3459.70%,81.76%,141.95%,7991.95%,123.87%,141.91%,8197.36%,168.92%,299.03%,1494.21%,90.47%,291.76%,996.79%,7.09%,162.66%,305.8,884,2802,4685.6,4976.8,94285,213.3,340.6,474.6,3605.8,17387.3,28253.3,219.9,76.6,555.4
01bA,,4135180,36341,1365,100.00%,0.88%,0.03%,100.00%,0.88%,0.03%,45946.47,403.79,15.17,8.1,1201.1,1626.4,54.5,4404.8,55813.1,2.4,161.8,102,212,21173.5,7000,20.3,1094,268.1,-0.6,1073.3,692.5,-11.9,3708.2,29544.8,1.2,112.5,58.3,18.9,19299.9,493.9,10.9,1091.8,122.4,-2.5,1063.6,644.2,-26.1,3666.9,23108.3,1.7,150.4,75,19,18231.7,117.4,13.4,1088.6,83.9,4940.02%,33.64%,114.82%,1086.67%,38.40%,81.43%,12052.66%,177.14%,317.67%,1335.90%,25.73%,309.65%,1375.04%,3.70%,322.35%,123.5,357.8,739.7,283.6,1408.2,18818.2,204.9,266.4,238.3,253.8,4691.8,363.5,184.4,40.3,270.5,3644.68%,81.88%,144.91%,8577.78%,121.77%,143.66%,13761.58%,198.59%,293.02%,1857.43%,92.17%,275.63%,1055.22%,7.05%,188.50%,296.5,983.5,2356.7,4674.9,5363.7,80182.6,329.6,321.2,298.8,3938.5,19514.8,19294.2,214.4,77.2,505.4
05bA,,4199643,42541,963,100.00%,1.01%,0.02%,100.00%,1.01%,0.02%,46662.61,472.68,10.7,8.1,1104.1,1639.7,50.4,4055.9,54435.1,2.5,169.2,120.1,221.5,19394.6,8542,21.3,1091.1,310.1,-0.8,1001,712.6,-10.2,3478.1,28911.1,1.4,119.8,68.4,19.6,17984.4,631.6,11,1088.9,144.4,-3,1006.3,616.6,-21.7,3505.5,23126.2,2,161,78,19,17114.3,139.5,13.4,1086.4,107.7,4121.63%,33.74%,105.51%,1283.78%,40.03%,79.85%,10252.18%,163.55%,314.39%,1336.68%,24.68%,282.81%,1382.10%,3.85%,272.47%,123.6,339.5,650.6,278.6,1403.1,18465.8,205,263.3,245.2,254,4223.3,394.5,184.7,41.8,293.4,4012.37%,71.43%,153.32%,13397.88%,108.23%,149.21%,8468.61%,182.33%,289.94%,1747.33%,80.66%,267.02%,1022.68%,6.98%,174.96%,325.7,788.7,2514.1,6751.1,4389.6,81221,212.5,308.6,348.1,3870.9,15643.3,22808.6,217.7,76.2,542.5
09bA,,4091208,45733,1086,100.00%,1.12%,0.03%,100.00%,1.12%,0.03%,45457.87,508.14,12.07,8.7,1093.4,1859.9,54.9,4062.5,63712.1,2.7,203.7,141.1,238.2,19356.9,8471.6,21.7,1085.6,323.7,-0.9,974.6,826.4,-10.6,3385.8,32877.6,1.4,142.5,76.1,19.7,17675,704.7,10.8,1083.4,154.6,-3.3,975.3,720.3,-22.8,3401.8,26754.3,1.8,189.1,81.6,18.2,16607,144.4,12.8,1080.2,108.8,3737.95%,33.55%,112.06%,1221.84%,40.77%,86.26%,11407.78%,139.71%,315.25%,1397.07%,24.40%,277.43%,1437.65%,3.92%,271.62%,123.4,327.2,807.2,278.6,1386.8,23079.6,205.3,264.2,257.1,254.3,4051.9,400.7,184.7,42.3,295.6,3989.18%,82.43%,141.05%,11401.85%,124.28%,143.53%,8127.01%,171.91%,263.75%,1444.93%,93.24%,243.72%,1013.62%,7.12%,166.71%,348,901.3,2623.3,6257.3,5048.7,91447.6,217.3,350.2,372.2,3441.6,18048.9,20646.9,220,77.3,539.7
02aA,,4055055,36149,1465,100.00%,0.89%,0.04%,100.00%,0.89%,0.04%,45056.23,401.66,16.28,8.4,1196.2,1735.3,64.2,4395.7,62564.1,2.3,155.9,100.6,211.2,21092.4,7605.9,20.1,1100.7,289.3,-0.6,1078.3,716,-10.9,3739.2,31934.4,1.3,109.3,63.4,18.5,19386.5,539.8,10.6,1098.6,134.5,-2.5,1073.2,707.3,-22.8,3709.2,24936.5,1.7,146.5,72.9,18.6,18321.5,133.3,13.1,1095.1,99.2,4922.23%,32.89%,114.70%,1224.45%,38.46%,87.62%,12043.95%,179.23%,318.48%,1366.22%,25.52%,278.17%,1407.52%,3.67%,266.93%,123.1,353,811.3,279.2,1426.7,21848.9,204.7,262.6,232.2,254.1,4676.3,370.8,184.6,40.2,264.7,3898.99%,74.71%,147.28%,16564.28%,112.07%,142.77%,9097.75%,195.54%,300.71%,1513.42%,83.45%,280.73%,1070.64%,6.95%,179.53%,327.4,893.7,2555.7,10632.5,4926.2,89321.3,210.4,304.8,302.5,3196.2,17601.4,21351.9,215.2,76.5,519.5
06aA,,4005042,42401,852,100.00%,1.06%,0.02%,100.00%,1.06%,0.02%,44500.37,471.12,9.47,8.8,1084.9,1682.9,60,3962.7,57685.1,2.6,175.9,131.8,233.9,19125.5,7870.5,21.8,1087.6,290.2,-0.7,980.4,704.1,-10.3,3383.5,29476.3,1.3,123.9,74.5,19.9,17695.9,545.2,11.2,1085.5,132.3,-3.1,988.1,614.7,-22,3423.2,22332.9,1.7,166.7,85.8,19.1,16841.2,116.4,13.5,1083.2,84.1,3993.45%,33.88%,109.35%,1266.28%,40.46%,80.03%,12070.11%,156.71%,284.68%,1331.24%,24.75%,331.61%,1369.55%,3.88%,341.17%,123.8,334.8,672.1,278.6,1385.2,17872,205.2,261.2,244.3,254.3,4168.9,386,184.7,42,287.1,4555.90%,75.07%,151.60%,14228.59%,112.82%,147.23%,8466.41%,181.29%,257.47%,2212.42%,84.59%,271.66%,1006.00%,6.95%,179.19%,398.9,814.5,2551.2,8544.2,4470.7,84931.8,216.3,318.9,339.3,5175.1,16178.6,21380.7,218.8,75.6,519.9
10aA,,4060599,44640,962,100.00%,1.10%,0.02%,100.00%,1.10%,0.02%,45117.86,496,10.69,8.5,1066.6,1781.9,56.3,3930.2,59981.9,2.8,202,147.4,234.3,18959.7,8741.6,21.9,1077,303.6,-0.8,955.2,801.7,-10.1,3304.3,32285.9,1.5,142.7,72.2,20,17413,659.7,11.1,1074.9,141.1,-3.3,956.5,753.6,-21.7,3325.7,25185.7,1.9,188.3,70.9,18.8,16386.8,144.2,13.3,1071.8,110.5,3724.47%,33.90%,108.88%,1279.68%,40.95%,86.29%,10807.37%,139.76%,380.85%,1351.69%,24.47%,283.67%,1392.03%,3.95%,276.18%,122.9,324.2,820.5,277.7,1361.8,21731.8,205.3,263.2,269.8,254.1,4009.5,409,184.7,42.3,305.3,3890.24%,79.89%,142.16%,10010.97%,120.26%,138.28%,7751.09%,167.08%,283.52%,1640.53%,88.35%,253.42%,1003.06%,7.12%,173.78%,331,852.2,2533.1,5631.7,4726.5,82945.1,214.3,337.5,418,3843,16751.6,22153.3,219.2,76.7,527.7
02bA,,4021365,37478,1331,100.00%,0.93%,0.03%,100.00%,0.93%,0.03%,44681.87,416.42,14.79,9,1233.1,1832.5,64.4,4578.2,63898.8,2.2,148.5,83.2,223.9,21468.9,7934.4,20,1105,315.4,-0.7,1105.6,786.5,-11.6,3872.3,32900.5,1.2,103.2,54.8,18.4,19589.7,670.5,10.4,1102.9,146.7,-2.7,1100.8,690,-23.6,3833.3,26352.3,1.7,138.8,60.6,17.9,18535.3,139.8,12.6,1099.7,98.3,4563.11%,33.64%,112.46%,1184.20%,38.22%,89.07%,12035.22%,192.75%,411.75%,1418.00%,25.95%,279.02%,1463.36%,3.63%,285.97%,123.2,370.4,776,279.5,1465.3,23472.8,204.6,267.5,249.5,253.8,4810.4,390.1,184.5,39.9,281.2,3385.98%,77.13%,140.01%,9487.46%,118.26%,141.25%,9671.59%,208.92%,330.53%,1589.31%,90.39%,233.04%,1081.85%,6.90%,173.17%,304.8,951,2565.8,6108.6,5414,90255.5,210.9,310.2,274.9,3558.1,19405.7,18490,216.6,76.2,546.2
06bA,,4039955,41516,710,100.00%,1.03%,0.02%,100.00%,1.03%,0.02%,44888.38,461.29,7.89,7.9,1094.1,1777.5,51.7,3998.5,60399.9,2.5,174,306.7,222.3,19243.9,8298.1,21.4,1087.6,322.2,-0.8,987,750.4,-10.1,3396.2,30962.6,1.3,123.2,68.5,19.7,17765.1,688.4,11.1,1085.6,157.3,-3.1,992,691.1,-21.7,3431.6,24213.3,1.8,164.8,80.2,19.3,16868.9,160.4,13.6,1083,120.5,3983.89%,33.36%,115.28%,1280.37%,40.53%,84.74%,11383.07%,158.34%,337.56%,1316.67%,24.59%,255.49%,1358.44%,3.83%,251.44%,123.5,331,796.7,277.8,1390.7,20517.6,204.9,260.9,270.7,254.1,4148.6,409.9,184.5,41.5,302.9,4060.56%,78.78%,143.04%,16895.83%,119.52%,144.18%,9044.87%,184.02%,1671.05%,1660.25%,87.04%,243.49%,1016.68%,6.88%,165.14%,321.1,862,2542.4,8737,4779.2,87087,222.9,320.3,5125.8,3691.2,16750.4,20204.6,217.8,74.9,532.1
10bA,,4009329,43838,947,100.00%,1.09%,0.02%,100.00%,1.09%,0.02%,44548.18,487.09,10.52,8.9,1071.3,1820.4,53.8,3969.3,61794.2,2.7,207.3,164.5,234.3,19129.6,8671,21.9,1074.7,321.1,-0.7,952,780.6,-9.9,3293.7,31272.7,1.4,144.8,88,20,17410.4,624.1,11.2,1072.6,153,-3.1,954.3,682.8,-21.4,3318.7,24729.1,1.7,193.5,87.2,19,16384.8,166.7,13.4,1069.1,121,3955.19%,33.93%,106.01%,1298.31%,40.85%,82.40%,12087.55%,136.54%,315.56%,1337.46%,24.30%,225.19%,1376.43%,3.92%,230.64%,122.6,323.8,723.8,277.8,1355.7,20376,205.5,264.2,275.2,254.1,3981.8,375.4,184.5,41.9,279.2,4440.27%,87.47%,150.14%,9297.70%,135.80%,149.86%,7931.40%,175.99%,243.22%,1577.38%,101.13%,254.36%,999.35%,7.13%,164.29%,394.6,937.1,2733,5001.2,5390.3,92607.1,214.3,364.8,400.2,3695.6,19346.6,22055.1,218.8,76.6,527.5
03aA,,4001406,36255,864,100.00%,0.91%,0.02%,100.00%,0.91%,0.02%,44460.22,402.83,9.6,7.9,1164.6,1663.7,46.9,4248.8,59829.1,2.3,154.5,125.1,210.2,20494.4,7636.5,20.5,1098.4,308.5,-0.6,1056,681.4,-9.9,3637.9,30441.9,1.3,108.8,73.3,19,18985.3,623.7,10.9,1096.4,143.4,-2.5,1057.6,601.2,-21.2,3640.6,24164.3,1.9,147.5,87.9,18.9,18082.4,150.1,13.3,1093.9,103.1,4922.23%,33.31%,114.46%,1312.66%,38.88%,83.90%,10783.97%,180.02%,285.22%,1343.75%,25.38%,274.89%,1384.10%,3.67%,291.64%,123.1,352.3,688.1,278.3,1415.6,20274.5,204.9,265.5,250.7,254,4588.5,412.6,184.5,40.2,300.5,3981.96%,71.63%,146.29%,9797.66%,109.09%,150.39%,9048.41%,197.16%,262.17%,1721.62%,79.39%,221.00%,1047.77%,6.73%,174.02%,314.4,834.2,2433.9,4595.4,4635.2,89974.8,211.3,304.6,328.1,3618.8,16270.4,16876.4,215.3,73.9,536.8
07aA,,3979496,43992,838,100.00%,1.11%,0.02%,100.00%,1.11%,0.02%,44216.69,488.8,9.31,8.6,1082.6,1680.6,53.8,3997.3,57082.2,2.4,182.9,123.4,236.7,19236.3,7864,22,1082.9,312.3,-0.8,971.2,746.7,-10.6,3370.3,30102.4,1.3,128.6,68.1,20,17655.1,593.4,11.1,1080.8,148.3,-3.2,976.7,680.5,-22.9,3413.9,24032.3,1.6,171.4,72.8,18.9,16719.8,172.3,13.3,1078.3,121.2,3864.03%,33.60%,112.29%,1218.45%,40.67%,84.85%,12833.76%,154.75%,339.83%,1346.11%,24.69%,245.02%,1386.61%,3.93%,245.91%,123.6,328.2,764.1,279,1388.5,20392.6,205.3,265.2,247.2,254.4,4128.8,422.2,184.9,42.3,298.1,3626.42%,80.81%,144.14%,10790.86%,123.10%,145.25%,8724.58%,181.90%,283.05%,1504.59%,92.59%,256.28%,998.15%,6.95%,163.95%,313.2,874.9,2422.4,5803.7,4920.9,82909.9,213.3,332.7,349.2,3560.6,17810,20153.9,219.6,75.3,512
11aA,,4029973,45442,931,100.00%,1.13%,0.02%,100.00%,1.13%,0.02%,44777.59,504.91,10.34,8.6,1057,1822.1,53.2,3914.1,61586.6,2.7,199.8,146.8,234.8,18773,8374.1,22.2,1080,342.4,-0.8,951.8,791.7,-10.1,3327.6,31821,1.4,142.9,86.5,20.3,17368.1,816.2,11.3,1078,177.8,-3.2,958.7,745.3,-21.9,3357.6,25653.3,1.7,188.9,93.6,19,16426.1,181,13.4,1075.5,128.7,3854.76%,33.90%,112.41%,1274.09%,39.98%,89.02%,12070.11%,138.61%,265.32%,1339.80%,24.67%,246.80%,1379.32%,3.91%,258.42%,123.4,325,837.8,279,1342.3,22837.2,205.2,261.8,248.3,254.6,4052.6,446.7,184.9,42.1,332.5,3547.65%,77.19%,141.93%,10210.51%,117.49%,145.56%,8764.09%,167.26%,242.92%,1488.24%,86.24%,232.72%,990.14%,6.85%,157.46%,304.1,815.9,2586,5434.3,4598.9,89644.3,236,334.2,356.6,3494.5,16188.9,19487.9,220,74,539.1
03bA,,4009967,37903,897,100.00%,0.95%,0.02%,100.00%,0.95%,0.02%,44555.23,421.14,9.97,8.1,1178.2,1666.1,45.2,4300.7,57032.2,2.5,167.9,102.1,219.7,20678,7778.6,20.9,1099.2,303.6,-0.7,1061.3,713.4,-10.4,3664.4,29938.5,1.4,118.1,58.5,19.2,19008.3,576.1,10.9,1097.1,141.6,-2.7,1060,655.4,-21.9,3654,23800.9,2,158.9,75.7,19.1,18090.6,148.7,13.5,1094,103,4557.62%,33.65%,112.97%,1273.41%,39.05%,82.02%,10244.77%,164.31%,345.09%,1328.91%,25.75%,257.83%,1368.16%,3.68%,272.22%,123.1,356.7,740.4,278.9,1426.7,19522.6,204.9,261.1,261.2,253.8,4658.9,383.4,184.3,40.2,280.4,3876.76%,78.78%,148.88%,8878.36%,117.66%,146.57%,8311.16%,191.62%,307.14%,1718.22%,90.00%,259.26%,1034.68%,6.92%,174.02%,315.3,928.2,2480.6,4012.9,5060.3,83591.7,211.7,321.8,313.7,3774.1,18611.1,20166.7,216.3,76,528.3
07bA,,4003710,44860,977,100.00%,1.12%,0.02%,100.00%,1.12%,0.02%,44485.76,498.45,10.86,8.8,1087.6,1759,58,3997.3,59882.2,2.8,182.8,127.2,240.5,19236.7,8736.1,21.9,1080.5,309.8,-0.8,977.1,776.6,-10.5,3377.5,31107.5,1.5,128.5,63.3,19.9,17704.2,613.7,11,1078.3,137.8,-3.3,978.4,725.7,-22.3,3396.1,24348.2,2,171.2,67.9,18.4,16752,143.7,13,1075.6,102.4,3737.95%,33.78%,109.52%,1248.58%,40.59%,82.27%,10252.18%,153.72%,408.97%,1381.88%,24.75%,282.80%,1422.40%,3.89%,285.42%,123.4,330.5,794.8,278.4,1378.4,20030.4,205,263.2,277.7,254.3,4145.9,406.4,184.7,41.9,292.3,3577.16%,77.33%,143.66%,11823.43%,116.45%,146.58%,10227.76%,177.34%,316.07%,1561.39%,85.75%,297.73%,1005.73%,6.99%,170.96%,313.3,841.1,2527,6859.9,4654.8,87772.6,291.4,324.2,402,3754.5,16495.3,26009.8,219.9,75.6,529.7
11bA,,4063984,45154,941,100.00%,1.11%,0.02%,100.00%,1.11%,0.02%,45155.36,501.71,10.46,8.8,1065.7,2063.1,51.5,3968,69785.5,2.6,203.8,178.5,231.8,18859.5,10299.8,22.2,1077.7,376.7,-0.8,953.5,925.6,-10.2,3345.1,36480.9,1.4,143.5,97.2,20.3,17340.6,980.5,11.3,1075.5,188.3,-3.2,956.2,947.3,-22.1,3361.9,30139.1,1.7,189.4,103.5,19.1,16319.5,194.6,13.5,1072.2,142.4,3850.13%,33.75%,113.31%,1261.22%,40.54%,91.30%,12070.11%,141.29%,259.85%,1332.01%,24.89%,246.47%,1371.15%,3.97%,245.28%,123.2,322.8,1073.4,278.7,1362.8,27517.5,205.2,267.6,268.9,254.4,4062.7,479.6,184.7,42.5,349.2,4950.86%,77.31%,134.82%,9504.42%,117.20%,136.69%,8138.77%,164.19%,227.24%,1405.54%,83.22%,230.48%,988.84%,7.23%,151.17%,438,823.9,2781.4,4890.1,4650.5,95387.9,212.7,334.6,405.7,3258.2,15694.7,23738.9,219.3,77.9,569.5
04aA,,4031248,39404,1024,100.00%,0.98%,0.03%,100.00%,0.98%,0.03%,44791.75,437.82,11.38,8.5,1157.4,1625.3,55.8,4242.7,56358.9,2.7,172.2,105.1,225.9,20356.2,7351.9,21,1098.8,281.4,-0.7,1037.8,724.2,-10.5,3576.1,30489.5,1.5,119,55.8,19.4,18616.6,534.7,11,1096.7,125.2,-2.8,1037.6,658.8,-22.6,3581,24357.8,2,159.9,55.3,18.9,17640.1,121.4,13.3,1093.6,83.8,4400.15%,33.62%,107.97%,1235.94%,39.76%,82.16%,10252.18%,165.60%,420.67%,1344.54%,25.48%,321.36%,1391.97%,3.75%,347.26%,123.2,348.9,711.4,279.3,1423.7,20013.1,205,264.8,232.8,254.1,4495.2,390.3,184.8,41,291.1,4648.13%,83.42%,147.55%,10714.27%,126.62%,145.21%,7915.87%,193.40%,312.75%,1766.62%,97.38%,260.99%,1034.90%,7.03%,186.71%,394.5,965.5,2398.1,5980.5,5372.1,81838.4,212.8,333.1,328.6,3990.4,19822.6,19187.6,217.4,77.2,525.4
08aA,,3988184,43816,1051,100.00%,1.10%,0.03%,100.00%,1.10%,0.03%,44313.28,486.85,11.68,8.5,1091.7,1907.6,54.5,4032.8,63348.9,2.6,187.3,148.3,235.2,19334,9061.6,21.7,1086.7,330.6,-0.9,977,862.7,-10.5,3378.5,33572.8,1.4,132.1,88.2,19.7,17703.5,753,10.9,1084.5,153.2,-3.2,976.3,847.1,-22.8,3396.3,26910.4,1.7,176.6,98.9,18.5,16628.9,154.9,13.1,1081.7,113.4,3864.03%,33.68%,112.50%,1223.80%,40.68%,91.12%,12087.55%,148.51%,254.55%,1374.41%,24.37%,301.40%,1412.80%,3.87%,304.00%,123.6,328.8,953,279,1381.7,24522.1,205.5,262.3,251.7,254.3,4052,466.9,184.7,41.9,344.6,3612.54%,79.11%,139.46%,8638.78%,121.39%,138.44%,8296.44%,176.72%,248.13%,1442.11%,89.39%,242.88%,1013.19%,7.04%,169.14%,306.7,863.7,2660.3,4712.1,4895.3,87698.4,212.8,331.1,368,3391.9,17283.3,22008.9,219.7,76.5,559.1
12aA,,3993015,44926,845,100.00%,1.13%,0.02%,100.00%,1.13%,0.02%,44366.86,499.18,9.39,9,1088.7,1927,51.5,3913.4,65728.3,2.8,220.6,154.3,236.7,18898.2,9326.1,22.1,1077.7,365.1,-0.8,975.7,823.4,-10.1,3327.5,33339,1.4,155.8,84.2,20.2,17335.9,881.9,11.2,1075.6,182.9,-3.2,976.9,786.7,-21.8,3355.8,26032.9,2,206.1,100.8,18.8,16369.7,188.7,13.3,1072.5,129.6,3845.49%,33.80%,116.90%,1275.85%,38.15%,90.95%,10274.42%,128.26%,246.36%,1352.48%,24.58%,246.00%,1391.65%,3.95%,259.19%,123.1,330.2,919.7,278.1,1280.2,23676.7,205.5,264.3,248.3,254.3,4023.1,464.2,184.7,42.4,335.9,3793.42%,80.04%,142.57%,9334.63%,120.40%,140.14%,7817.26%,162.05%,276.12%,1635.12%,91.92%,253.11%,994.06%,6.95%,151.89%,339.8,871.3,2747.2,4806.7,4711.6,92108.6,215.9,357.5,426,3870.3,17371.8,23605.4,219.8,74.9,554.6
04bA,,4141941,40372,1038,100.00%,0.97%,0.03%,100.00%,0.97%,0.03%,46021.53,448.58,11.53,8.5,1132,1620.7,49.3,4135.2,56372.1,2.5,171.5,104.4,219.2,19913,7090.1,21.2,1086.8,279.5,-0.6,1021.3,718.1,-9.9,3526,29615.7,1.4,121.2,58.7,19.6,18369.5,517.7,11.1,1084.7,126.1,-2.6,1022.9,680.1,-21.1,3531.1,23945.1,1.8,161,73.4,19.4,17444.6,124.6,13.7,1081.9,88.2,4744.32%,33.74%,107.12%,1320.99%,39.82%,85.33%,11399.55%,162.99%,328.54%,1309.12%,25.62%,308.90%,1349.06%,3.72%,310.35%,123.4,345.1,728.5,278.7,1406.1,20432.8,205.2,262.4,241.1,254,4469.3,384.7,184.5,40.3,273.7,4265.75%,74.60%,152.99%,9993.19%,113.01%,148.11%,8534.62%,183.56%,312.40%,1681.38%,84.29%,286.28%,1018.97%,6.93%,183.87%,360.5,844.5,2479.5,4931.2,4673.2,83492.1,212,314.9,326.3,3685.4,16784.1,20297.3,216.5,75.4,513.9
08bA,,4220195,48235,1161,100.00%,1.14%,0.03%,100.00%,1.14%,0.03%,46890.91,535.94,12.9,8.8,1077.9,1800.7,54.8,3991.7,63608.5,2.6,193.4,130.1,241.4,19167.8,7946.2,22,1078.4,326.6,-0.8,962.7,788.8,-10.5,3340.5,32179.7,1.4,135.9,73.9,20.1,17531.8,708.3,11,1076.2,152.8,-3.3,965.3,770,-22.9,3356.1,26311,1.7,180.9,88.4,18.5,16534.7,146,13,1073.3,98.8,3755.92%,34.02%,114.58%,1219.10%,40.68%,88.34%,12070.11%,145.72%,271.03%,1375.21%,24.55%,289.72%,1419.96%,3.89%,306.50%,123.9,328.4,882.3,279.2,1365.3,23243.2,205.2,263.6,239.6,254.4,4059.5,423,184.8,41.8,302.8,3629.73%,83.01%,141.84%,8060.59%,127.69%,146.46%,8244.23%,176.91%,304.91%,1439.35%,94.23%,231.44%,1000.90%,7.06%,165.33%,317.9,894.7,2554.1,4417.9,5097.1,93161.7,212.8,342.1,396.6,3474,18061.3,18390.7,220.3,76.1,540
12bA,,3972111,45619,767,100.00%,1.15%,0.02%,100.00%,1.15%,0.02%,44134.64,506.88,8.52,9,1076.9,1515.4,50.5,3886.1,49302.8,2.5,171.5,129.4,241.1,18869.9,7332.5,21.9,1080.2,278.8,-0.8,978.9,661.1,-11.2,3409.9,26872.6,1.3,122,53.3,19.9,17643.8,542.1,10.9,1078.2,123.4,-3.3,994.9,588.7,-23.6,3465.6,21360.4,1.8,164.9,52.8,18.4,16811.4,111.3,12.9,1075.8,82.6,3724.47%,34.27%,107.81%,1181.68%,37.25%,77.77%,11399.55%,157.61%,429.06%,1382.69%,24.73%,336.08%,1429.05%,3.82%,337.52%,122.9,341,634.7,278.9,1291,16611.8,205.2,259.9,226.5,254.4,4158.2,374.1,184.8,41.1,278.8,4245.77%,69.66%,156.01%,11688.21%,104.88%,148.21%,8420.40%,181.69%,715.99%,1674.20%,79.15%,319.55%,1009.24%,6.96%,187.85%,382.8,750.2,2364.3,5902.6,4075.9,73073.4,213.8,311.6,926.5,4037.2,14935.1,23430.6,220.5,75.2,523.8
13aA,,3999923,43913,723,100.00%,1.10%,0.02%,100.00%,1.10%,0.02%,44443.53,487.92,8.03,8.9,1095.7,1809.8,45.5,3801.1,61825,3,238.6,156.8,227,18606.3,7649,22.3,1074.5,335.5,-0.5,992.3,809.4,-9.5,3280.4,32343.6,1.6,170.5,88.9,20.5,17251.4,676.4,11.5,1072.5,154.3,-2.7,997.8,736.5,-20.6,3306.9,27125.4,1.9,222.7,95.4,19.6,16396.9,188.6,13.8,1070.1,139.2,4563.11%,33.21%,111.94%,1347.29%,37.67%,89.40%,10807.37%,118.97%,278.49%,1297.27%,25.11%,244.17%,1336.94%,3.91%,245.85%,123.2,331.4,824.5,277.5,1245.8,24250,205.3,264.9,265.7,254.3,4118.1,460.5,184.6,41.9,342.3,3548.97%,75.53%,137.22%,10831.11%,115.34%,141.47%,7240.20%,148.47%,240.66%,1551.85%,84.73%,218.08%,978.93%,6.93%,158.81%,316.8,827.6,2483.3,4932.1,4384.3,87463.7,215.5,354.2,377.4,3522.8,15765.9,16680.8,218.7,74.4,532.8
17aA,,4040169,45668,652,100.00%,1.13%,0.02%,100.00%,1.13%,0.02%,44890.81,507.42,7.24,10.2,1172.2,2026.1,49.8,4099.6,65946.1,3,235.8,185.7,246.1,19655.3,10031.5,22.7,1076,373.1,-0.3,1067.7,864.6,-10.8,3580.1,33409,1.6,169.7,105.5,20.8,18299,870.9,11.6,1074,185.7,-2.7,1076.3,813.5,-23.1,3551.1,26398.3,1.9,223.4,119.9,19.6,17444.1,192.1,13.8,1071.1,142.5,4563.11%,32.78%,112.82%,1204.05%,36.36%,90.78%,10799.57%,118.06%,235.09%,1295.01%,24.35%,232.77%,1331.85%,3.76%,236.25%,123.2,352.8,917.7,278.1,1291.1,23963.7,205.2,263.8,282,253.8,4248.2,447.2,184.3,40.3,336.6,2971.94%,69.99%,145.67%,9938.69%,107.38%,146.41%,7093.01%,145.10%,241.86%,1416.84%,80.03%,248.64%,967.99%,6.97%,147.70%,303.9,820.5,2951.4,4945.2,4402.3,96549.2,214.2,342.1,449.2,3486.8,15730,24942.2,219.4,75,551.1
21aA,,4312424,49757,595,100.00%,1.15%,0.01%,100.00%,1.15%,0.01%,47915.95,552.86,6.61,11.1,1206.4,1844.5,56.5,4351.3,60500.3,3.4,276.8,198.7,260.1,20390.7,9849.9,23.1,1068.4,340.3,-0.1,1106.8,738.8,-11.1,3848.5,29936.6,1.7,202.5,104.4,21.3,19166.6,714.3,11.8,1066.5,169.3,-2.4,1118.6,693.6,-23.6,3829.3,23385.3,2,263,103.4,20.1,18528.9,180.9,14.2,1063.6,139.7,5127.32%,32.21%,114.49%,1182.31%,35.29%,86.82%,10281.83%,102.32%,272.14%,1265.74%,23.03%,237.76%,1302.74%,3.54%,231.77%,123.1,360.3,794.1,279,1351.2,20302,205.6,269.1,281.4,254.4,4267.1,430.1,184.8,37.7,323.7,3107.30%,65.83%,153.36%,16147.77%,99.57%,150.91%,6410.00%,131.82%,237.73%,1469.56%,76.97%,248.57%,950.59%,6.74%,158.23%,345.7,794.2,2828.7,9124.4,4332.6,91303.3,217.7,364.8,472.3,3821.9,15695.6,24484.1,219.7,72.1,538.4
13bA,,4061043,43319,449,100.00%,1.07%,0.01%,100.00%,1.07%,0.01%,45122.84,481.32,4.99,8.3,1085.7,1459.5,37.2,3749.7,46733.5,2.9,213.9,165.1,220.8,18447.9,7640.8,22,1080.6,304.7,-0.6,993,635.9,-9.7,3298,25600.3,1.5,154,85.7,20.1,17284,616.3,11.3,1078.7,148.3,-2.9,1005.8,547.3,-20.5,3339.3,20023.2,1.9,204.7,99.4,19.4,16488,150,13.7,1076.8,110,4238.19%,33.28%,108.84%,1353.14%,37.29%,71.52%,10807.37%,128.85%,222.99%,1309.12%,24.78%,267.96%,1344.54%,3.85%,267.21%,122.9,334.8,595.7,277.4,1245.1,14321.2,205.3,263.8,221.6,254,4086.3,401.9,184.4,41.5,294,3945.00%,68.49%,155.42%,15013.75%,104.38%,147.24%,8324.76%,151.91%,257.44%,1745.54%,76.89%,266.51%,989.61%,6.59%,170.64%,325.9,743.6,2268.4,5579.2,3913.8,68809.7,242.5,325,424.9,3854.2,14185.3,20363.3,218.1,71.2,519.9
17bA,,4018020,44804,606,100.00%,1.12%,0.02%,100.00%,1.12%,0.02%,44644.75,497.82,6.73,11,1173.7,1712.1,46.6,4115.8,56575.9,3,245.2,187.4,243.2,19638.6,8813,22.7,1078.9,361.2,-0.4,1073.8,812.1,-10.4,3613.5,30617.7,1.6,178,99.3,20.9,18353.3,863.3,11.7,1076.8,177.9,-2.7,1078.3,771.3,-22.5,3592.1,24600.3,1.9,232.3,107.9,19.9,17500.8,186.5,14,1073.6,129.3,4568.60%,32.49%,110.48%,1236.16%,35.84%,85.57%,10799.57%,114.37%,251.68%,1276.23%,24.52%,239.47%,1313.30%,3.73%,250.09%,123.4,350.3,852.1,278.1,1287.6,21050.6,205.2,265.7,271.7,254,4291.2,446.5,184.3,40.1,323.4,4418.24%,64.73%,137.11%,8731.19%,97.83%,145.35%,7108.93%,134.59%,226.92%,1467.88%,71.89%,227.53%,967.49%,7.02%,153.38%,486.8,759.8,2347.5,4069.7,4026.5,82233.3,214.9,330,425.3,3570.1,14117.4,20052.1,219.2,75.7,553.9
21bA,,4345090,50940,740,100.00%,1.17%,0.02%,100.00%,1.17%,0.02%,48278.96,566,8.22,11.3,1214,1773.3,50.6,4397.6,57011.2,3.1,273.5,198,261.3,20499.7,8987.1,23.2,1071.7,330.1,-0.1,1111.7,783.4,-11.2,3893.7,30742,1.5,201.3,107.2,21.5,19268.1,706.2,12,1069.7,154.3,-2.4,1123.6,712.7,-23.8,3857.4,24029.1,1.7,258.3,127.7,20.1,18612.8,167.6,14.2,1066.4,127.9,5127.32%,32.72%,111.76%,1173.00%,35.35%,84.83%,12104.99%,102.46%,205.23%,1265.00%,23.37%,254.78%,1301.17%,3.56%,254.67%,123.1,367.6,796.5,279.2,1363.5,20384.5,205.8,264.6,262,254.3,4350.6,427.1,184.5,37.9,325.7,2855.67%,62.87%,149.06%,9751.88%,90.63%,143.42%,6914.11%,125.38%,235.25%,1179.47%,68.56%,269.38%,947.53%,6.96%,158.62%,321.9,763.2,2643.2,4930.2,3985.4,81765.6,213.8,342.9,465.7,3081.9,14053.6,24209.5,220.1,74.6,523.6
14aA,,4026720,37080,624,100.00%,0.92%,0.02%,100.00%,0.92%,0.02%,44741.38,412,6.93,8.1,1118.7,1834.4,37.8,3874,58633.3,2.8,217.7,174.9,200.3,19080.7,9228.6,21.9,1078.2,335.7,-0.4,1013.3,827.7,-7.7,3344.8,31475.8,1.6,155.5,99.6,20.5,17678.7,773.6,11.9,1076.2,155.3,-2.2,1018.3,767.2,-16.9,3340.5,24515.6,2,206.6,104.1,21.1,16739.8,164.6,14.9,1073.3,108.5,5546.27%,32.94%,111.84%,1631.74%,37.22%,83.43%,10244.77%,129.31%,249.24%,1201.54%,24.01%,271.83%,1236.20%,3.89%,296.68%,122,335.4,858,275.8,1243.2,20453.9,204.9,267.2,259.5,253.5,4018.6,447.3,184.2,41.8,321.8,4880.30%,72.21%,143.56%,9207.93%,109.02%,141.05%,7728.89%,155.87%,248.91%,1665.79%,80.73%,258.00%,978.60%,6.71%,164.50%,397.1,807.8,2633.5,3484.8,4223.6,82701.7,213.4,339.3,435.5,3335.9,15403.1,23810.2,214.2,72.3,552.3
18aA,,4148106,48721,793,100.00%,1.17%,0.02%,100.00%,1.17%,0.02%,46090.03,541.34,8.81,11,1190.5,2060.6,55.2,4260.5,67623.5,3,246.7,164.3,259.7,20116.2,9824.8,22.9,1070.3,381.4,-0.3,1078.4,904.4,-10.8,3688.3,34933.8,1.5,177.5,93.6,21,18635.3,903.7,11.6,1068.2,180.3,-2.7,1085.6,894.2,-22.9,3636,29728.1,1.9,233.5,91,19.5,17765.4,213.2,13.7,1064.8,148,4574.10%,32.89%,117.70%,1219.75%,36.04%,95.52%,10854.19%,114.35%,290.49%,1303.93%,24.49%,234.42%,1346.28%,3.71%,246.89%,123.5,357,1052.5,279.3,1310.5,28396.4,206.2,267,264.3,254.3,4351,499.8,184.6,39.6,365.5,2791.82%,71.85%,134.92%,8916.52%,109.41%,136.65%,7157.99%,144.37%,252.39%,1387.25%,81.58%,224.30%,962.65%,7.06%,145.00%,306,855.4,2780,4923.7,4661.5,92409.1,216.2,356.2,414.7,3602.7,16410.7,22036.5,220.3,75.6,553
22aA,,4072171,48909,722,100.00%,1.20%,0.02%,100.00%,1.20%,0.02%,45246.47,543.43,8.02,12,1240.4,2139.3,58.4,4529.8,67718.4,3.2,281.7,239.7,278.5,21040.3,11833,23.3,1078.3,388.9,-0.2,1127.1,892.2,-11.9,3951.8,34966.5,1.4,204.4,109.7,21.4,19590,943.2,11.7,1076.2,193.9,-2.5,1136.2,831.1,-25.2,3911.6,26144.5,1.6,264.6,103.2,19.5,18887.6,205.5,13.8,1072.4,152.4,4928.16%,32.40%,117.90%,1109.01%,35.77%,91.75%,12852.29%,102.09%,276.98%,1304.69%,23.27%,234.98%,1338.61%,3.54%,233.17%,123.2,368.1,979.9,279.5,1399.3,23986.5,205.6,270.1,285.8,254.4,4394.3,482.9,184.8,37.9,355.4,2661.49%,70.43%,142.15%,8118.02%,103.51%,132.50%,6801.99%,132.58%,238.73%,1459.12%,78.94%,234.36%,950.77%,7.05%,145.17%,320.5,873.6,3041.1,4742.2,4688.6,89726.8,217.7,373.4,572.3,4063.9,16608.8,27731.6,221.4,76,564.5
14bA,,4040779,37193,560,100.00%,0.92%,0.01%,100.00%,0.92%,0.01%,44897.66,413.26,6.22,7.7,1111.8,1544.9,37.8,3847,52558.4,2.8,222.8,137,201.2,18984.1,7124.2,22,1070.5,288.8,-0.4,1003.6,670.8,-7.6,3300.3,28462,1.4,157.6,78.4,20.7,17485.5,618,12.1,1068.6,142.6,-2.1,1008,577.8,-16.6,3304.4,22109.9,2,208.6,86.6,21.4,16566.9,125.2,15.1,1066,95,5824.50%,32.68%,109.29%,1659.44%,36.65%,78.33%,10259.59%,127.72%,293.09%,1184.00%,23.76%,318.20%,1216.69%,3.81%,308.44%,122.3,329.4,631.4,275.5,1211,17317.9,205.2,266.4,253.7,253.4,3936.9,398.2,184.1,40.6,293,4063.13%,79.84%,151.83%,10655.21%,124.18%,145.28%,7650.63%,162.26%,258.47%,1807.94%,93.77%,251.92%,970.34%,6.62%,176.89%,311.3,887.6,2345.6,4025.7,4777.1,76359.2,214.3,361.5,354.1,3638.1,17800.8,17947.5,213.8,70.8,510.9
18bA,,4005826,45457,710,100.00%,1.13%,0.02%,100.00%,1.13%,0.02%,44509.36,505.08,7.89,11.6,1191.7,2066.3,49.5,4234.9,65480,2.8,251.5,200.3,250.4,20081,11312.1,22.7,1075.8,371.5,-0.3,1085.6,933.1,-10.9,3707.5,34910.7,1.4,182.9,96.9,20.9,18723.8,984.2,11.6,1073.8,187.1,-2.6,1091.5,873.1,-23,3670.9,28744.5,1.6,239,102.2,19.7,17910.4,197.8,13.9,1070.8,145.2,4750.02%,32.50%,113.24%,1217.02%,35.50%,90.89%,12917.15%,113.02%,292.39%,1291.44%,24.10%,257.24%,1330.88%,3.65%,255.31%,123.5,354.8,988.7,279.9,1303.2,26126.4,206.7,270.1,298.8,254.4,4316.9,508.8,184.7,39,370.6,4864.29%,69.48%,137.06%,9063.73%,103.75%,135.89%,7662.38%,138.60%,242.86%,1294.15%,76.63%,238.46%,966.20%,6.81%,149.96%,565.2,828,2832.1,4488.3,4393.9,88978.6,214.6,348.6,486.5,3240.7,15387.6,26974.5,219.7,73.2,557.1
22bA,,4109408,48745,668,100.00%,1.19%,0.02%,100.00%,1.19%,0.02%,45660.2,541.61,7.42,11.9,1226.7,1822.1,54.1,4433.7,59041.1,3.5,292.8,196.5,269.1,20724.3,9229,23.4,1075.1,330.9,-0.1,1121.6,800.7,-11.3,3912.6,31391.4,1.8,215.5,98.7,21.6,19460.7,654,11.9,1072.9,155.8,-2.5,1128.4,727.2,-24.1,3883.9,26420.9,2.2,276.6,99.3,20.3,18779,173.2,14.3,1069.3,121.6,4928.16%,32.69%,111.40%,1159.01%,35.46%,87.07%,9347.12%,98.46%,286.59%,1251.81%,23.37%,234.93%,1291.54%,3.54%,250.85%,123.2,368.9,810,279.3,1377,23004.7,205.6,272.4,284.6,254.1,4388.9,406.9,184.6,37.8,305,3169.22%,62.29%,143.33%,10460.49%,90.77%,145.01%,6127.63%,119.59%,231.37%,1342.88%,66.31%,253.97%,943.55%,7.16%,161.19%,376,764.1,2611.6,5663.9,4024.6,85618.3,216.1,350.2,454.7,3613.9,13741.8,23439,220.7,77,533.3
15aA,,4110334,44430,730,100.00%,1.08%,0.02%,100.00%,1.08%,0.02%,45670.39,493.67,8.11,9,1135.6,1799.9,45.3,3913.5,61018.9,2.9,232.3,158.2,231.3,19287.6,7923.7,22.2,1076.9,305,-0.5,1028.6,768.7,-9.9,3384.9,31089.7,1.3,166.3,86.7,20.4,17828.2,592.1,11.5,1074.9,139.1,-2.9,1032.1,670.8,-21.7,3371.6,24712.8,1.7,220.5,89.6,19.6,16884.7,138,13.8,1072.2,100.5,4238.19%,33.12%,114.27%,1283.78%,36.12%,90.19%,12096.27%,120.22%,290.65%,1296.52%,24.49%,296.09%,1334.63%,3.80%,305.53%,122.9,341.8,766.5,278.6,1217.9,22289.6,205.6,265.1,260.4,254.1,4135.3,408.8,184.5,40.7,307.1,3739.92%,74.67%,144.23%,15108.07%,114.06%,147.04%,11878.91%,148.77%,266.98%,1574.05%,84.40%,254.09%,984.03%,6.83%,172.61%,338.1,847.9,2595.9,6842.1,4463.8,89720.6,342.9,345.6,422.3,3641.4,16279.5,20133.4,218.4,73.5,526.5
19aA,,4016615,45959,663,100.00%,1.14%,0.02%,100.00%,1.14%,0.02%,44629.1,510.66,7.37,10.9,1207.2,1671.5,51,4308,56392.6,3.1,259.5,164.5,254.6,20208.4,8393.6,22.9,1076.5,296.1,-0.1,1104.1,717.1,-10.8,3790.1,29814.3,1.6,188.7,86.5,21.1,18906.1,526.1,11.7,1074.5,123.8,-2.4,1112.3,614.4,-23.4,3756.3,24278.6,1.8,247.6,92.8,19.8,18187.8,140.2,13.9,1071.2,98.5,5139.68%,32.19%,105.31%,1198.75%,35.61%,82.33%,11481.91%,107.78%,272.24%,1283.42%,23.92%,260.35%,1323.10%,3.59%,281.93%,123.4,358,647,280.5,1337.6,19989.4,206.7,266.9,252.6,254.1,4349.7,365,184.6,38.5,277.8,3068.78%,66.34%,155.14%,11374.96%,100.10%,150.23%,6895.78%,134.16%,252.63%,1386.30%,75.13%,269.07%,960.53%,6.91%,174.29%,334.8,800.9,2593.2,5800.8,4312.2,84715.8,216,348.2,415.6,3530.1,15183.1,22585.1,219.8,74.4,516.1
23aA,,4343052,54052,752,100.00%,1.24%,0.02%,100.00%,1.24%,0.02%,48256.27,600.58,8.36,11.9,1220.6,1921.4,54.9,4403.8,64328.3,3.1,284.9,207.9,279.2,20769,9393.2,23.3,1076.6,338.7,-0.1,1115.2,784.1,-12.3,3866.1,30957.5,1.4,209.1,103.7,21.3,19441.3,772.9,11.5,1074.5,172.3,-2.6,1124.4,702.7,-25.6,3859.1,23210.4,1.7,270,111.3,19.3,18775.1,175.6,13.6,1070.8,127.8,4732.92%,32.66%,113.74%,1092.26%,36.03%,86.02%,12096.27%,98.68%,243.77%,1318.98%,23.47%,261.95%,1362.23%,3.53%,261.27%,123.1,367.2,799.3,279.6,1390.5,19965.7,205.6,266.5,271.3,254.6,4405.9,460,184.9,37.8,334,2471.73%,64.53%,151.91%,9075.66%,95.80%,152.89%,6973.81%,124.96%,223.19%,1158.13%,71.30%,247.56%,954.51%,6.98%,159.33%,295.1,787.6,2918.7,4983.6,4219,98350.5,214.3,356,464.1,3233.6,14807.7,23253.5,222.4,75.2,539.7
15bA,,4018651,42888,642,100.00%,1.07%,0.02%,100.00%,1.07%,0.02%,44651.63,476.53,7.13,9.2,1138.3,1813.2,50.3,3949.3,60022.4,2.9,223.4,161.4,229.6,19252.3,9257.3,22.3,1077.3,347,-0.6,1031.7,830.1,-9.7,3417.2,32289.1,1.5,160.2,85.5,20.5,17789.5,827.6,11.6,1075.2,174.6,-2.9,1039.3,838.5,-21.1,3407.8,26610.3,2,210.4,92.8,19.9,16888.9,182.1,14.1,1072.5,126.7,4248.42%,32.72%,107.20%,1317.48%,36.20%,84.60%,10267.01%,126.20%,258.24%,1276.23%,24.53%,252.35%,1309.82%,3.80%,252.12%,123.2,340.1,898.8,278,1233.4,22511.1,205.3,265.5,239.5,254,4142,459.5,184.4,40.8,319.4,3754.94%,75.23%,144.21%,15102.03%,117.58%,142.05%,7395.64%,155.05%,248.43%,1546.79%,87.32%,242.15%,978.00%,6.91%,156.66%,346.7,856.3,2614.7,7589.3,4643.6,85260.4,214.3,346.4,401.1,3551.9,16811,22416.9,217.9,74.4,543.7
23bA,,4341172,53065,674,100.00%,1.22%,0.02%,100.00%,1.22%,0.02%,48235.3,589.61,7.49,12.3,1222.1,1713.1,58.8,4396.8,54710.3,3.5,281.3,182.5,281.3,20866.6,8810.9,23.5,1075,320.4,-0.1,1112.4,753.6,-12,3850.1,29004.1,1.7,204.2,86.9,21.5,19446.8,622.1,11.7,1072.9,143.2,-2.5,1122.9,671.3,-25.1,3848.9,22889.4,2,264.5,99.7,19.7,18806.8,142.4,13.9,1069.1,102.9,4928.16%,32.77%,108.76%,1114.61%,35.65%,85.94%,10281.83%,101.57%,284.84%,1291.44%,23.43%,257.88%,1329.70%,3.52%,259.46%,123.2,368,730.1,279.8,1372,19671.4,205.6,268.6,283.8,254.4,4406.6,367.1,184.8,37.7,267.1,3381.87%,71.29%,147.37%,15607.79%,107.85%,144.94%,6377.57%,135.30%,238.52%,1582.41%,83.25%,233.38%,944.78%,7.18%,160.80%,416.1,871.2,2524.6,9179.8,4742.1,79298,221.3,380.6,435.4,4451.4,17371.6,20562.8,221.8,77.1,515.3
16aA,,4026788,44832,809,100.00%,1.11%,0.02%,100.00%,1.11%,0.02%,44742.25,498.14,8.99,10.2,1153.2,1916,55.4,4013.6,65506.8,3.1,237.5,169.2,242.6,19483,9563.9,22.4,1078.2,356.8,-0.3,1048.5,837.2,-10.3,3501.7,33847,1.6,172,90.5,20.5,18108.2,790,11.4,1076.2,177.7,-2.5,1055.4,746.1,-22.1,3493.6,26798.6,2,226.4,109.5,19.4,17217.8,187.9,13.7,1073.2,140.8,4916.30%,32.97%,109.25%,1259.87%,36.77%,85.26%,10267.01%,117.38%,246.96%,1309.12%,24.64%,232.13%,1347.73%,3.77%,225.62%,122.9,348,815.1,278.4,1284.5,22849.1,205.3,265.8,270.4,254,4242.7,436.2,184.5,40.5,317.7,3974.93%,69.18%,143.08%,11110.38%,103.57%,142.75%,7003.02%,141.01%,247.23%,1598.88%,76.86%,243.78%,980.30%,6.82%,151.40%,404.8,797.8,2741.5,6158,4156.7,93512.1,215.7,334.9,418.2,3878.3,14974.5,23314.4,219.3,73.6,540.2
20aA,,4352257,51343,726,100.00%,1.18%,0.02%,100.00%,1.18%,0.02%,48358.61,570.48,8.07,11.2,1210.4,1822.9,51.4,4375.1,58216.3,3.3,269.8,191.4,264,20482.2,9632.7,23.2,1075.3,328.1,-0.1,1106.1,791.4,-11.2,3851.4,30262.9,1.6,196.7,100.1,21.3,19150.7,773.2,11.8,1073.3,162.6,-2.3,1113,669.5,-24,3803.1,23457,2,255.3,102.9,20.1,18416.3,156.6,14.1,1069.8,108.9,5337.36%,32.49%,106.96%,1163.84%,35.33%,81.26%,10289.24%,105.52%,255.48%,1267.22%,23.85%,276.26%,1307.95%,3.57%,284.84%,122.8,361.6,716.1,279.3,1343.7,19061,205.8,269.4,263,254.7,4392.2,432.6,184.9,38.2,310.2,2585.68%,66.65%,145.84%,10673.75%,98.31%,144.48%,6538.99%,132.47%,248.83%,1300.80%,77.05%,272.61%,951.32%,6.90%,164.45%,290,806.7,2658.4,5490.9,4301.4,84110.8,214.9,357.4,476.2,3434,15781.8,26260,220.8,74.2,539.5
24aA,,4072598,42136,740,100.00%,1.03%,0.02%,100.00%,1.03%,0.02%,45251.23,468.18,8.22,10.5,1208.1,1738.1,52.3,4335.5,57483.7,3.3,252.4,173.4,241,20685.7,7867.8,23,1069.7,283.1,-0.1,1104.2,752.7,-9.6,3812.1,29957.9,1.7,183.6,88.6,21.5,19363.2,526.7,12.3,1067.9,130.6,-2,1115,712.8,-20.8,3827.8,24740.7,2.2,237.2,85.9,21,18699.2,142.6,14.9,1064.7,100,6137.96%,32.42%,110.37%,1337.19%,35.70%,83.25%,9326.90%,110.51%,328.97%,1207.26%,23.25%,285.56%,1240.08%,3.50%,280.42%,122.8,361.5,786.7,278.1,1366.7,20596.8,205.2,262.1,282.6,253.5,4347.7,407.3,184.2,37.3,280.4,3754.82%,66.75%,147.41%,13698.03%,98.21%,149.44%,6587.03%,137.25%,305.47%,1616.17%,76.61%,261.70%,943.55%,6.65%,180.25%,393.1,806.4,2562.1,7164.2,4257.9,85904.5,216.5,346.4,529.6,3895,15846.6,20589.6,216.6,71.1,510.2
16bA,,3987983,43097,605,100.00%,1.08%,0.02%,100.00%,1.08%,0.02%,44311.1,478.86,6.72,9.5,1153.8,1763.1,47.5,3983.9,56697.8,2.9,232.4,160.4,235.2,19302.6,8712.5,22.3,1082.6,331.2,-0.5,1056.5,746.8,-10.4,3511.9,29814.3,1.4,168.7,84.1,20.5,18061.4,660.6,11.5,1080.7,148.6,-2.8,1069.5,736.2,-22.4,3515.8,24015.4,1.9,221.9,91.1,19.8,17246.9,143.7,13.9,1078.4,102,4394.85%,33.02%,113.44%,1242.34%,35.52%,85.95%,10807.37%,119.33%,290.50%,1282.67%,24.41%,298.69%,1322.32%,3.75%,308.86%,123.1,353.2,835.1,278.3,1248.8,20640.2,205.3,264.8,264.6,254,4209.8,429.2,184.4,40.4,315.1,3594.48%,68.55%,152.24%,14548.08%,107.89%,144.34%,7462.65%,148.15%,283.09%,1763.50%,82.20%,294.51%,980.81%,6.50%,166.07%,341.3,790.9,2684.2,6904.7,4298,81838.6,216.8,344.3,454.2,4148.6,15866.5,25659.4,218.6,70.4,550.1
20bA,,4349945,48490,667,100.00%,1.11%,0.02%,100.00%,1.11%,0.02%,48332.82,538.78,7.41,10.7,1215.3,1679.1,51,4369,55981.5,3.3,269.3,165.2,249.4,20310.1,7171.8,23.1,1073.2,289.2,-0.1,1113.2,762.5,-10.6,3860.9,30714.1,1.7,196.8,93.3,21.4,19041.9,527.8,12,1071.2,125.3,-2.2,1121.1,703.7,-22.7,3822.6,25137.9,2.1,253.7,108.6,20.5,18327.4,131.2,14.5,1068,93.8,5573.23%,32.25%,108.92%,1226.57%,34.94%,86.88%,9785.16%,105.02%,267.99%,1238.88%,23.61%,295.16%,1271.72%,3.56%,299.63%,122.6,361.6,766.5,278.4,1335.5,21840.2,205.5,266.4,291,254,4326.7,387.3,184.5,38,281.2,2731.44%,65.57%,140.72%,11377.73%,96.88%,139.00%,6582.24%,130.49%,224.87%,1335.50%,73.92%,236.34%,945.89%,6.92%,178.69%,292.8,796.9,2362.9,5806.5,4232.7,77812.5,214.5,351.4,371.4,3330.5,15012.5,16949.7,218.8,74.2,516.7
24bA,,4154051,41748,608,100.00%,1.00%,0.01%,100.00%,1.00%,0.01%,46156.18,463.87,6.76,10.7,1203.3,1761.6,44.5,4340,57099.8,3.1,252.4,186.8,231.9,20605.8,9544.9,22.7,1069.7,338.5,-0.1,1096.3,727.3,-9,3788.5,29077.9,1.6,182.1,97.4,21.2,19248,731.4,12.2,1067.8,161.9,-2.1,1108,657.8,-19.5,3807.1,23098.5,1.9,237.1,111.9,21.4,18618.1,190,15.1,1064.7,137,5852.74%,32.68%,111.16%,1420.25%,36.06%,85.44%,10799.57%,111.30%,245.97%,1184.69%,23.35%,223.13%,1217.03%,3.51%,225.19%,122.9,362.1,731.3,276.9,1372.8,19734.9,205.2,263.9,275.2,253.5,4346.5,423.9,184.1,37.4,308.4,5288.67%,70.11%,157.28%,10892.51%,106.85%,153.50%,6972.42%,141.80%,251.61%,1475.85%,79.80%,265.84%,950.77%,6.68%,156.04%,565.6,843.7,2770.7,4851.1,4637.1,87648.1,214.3,357.9,470,3422.5,16442.9,25374.4,215.8,71.5,528.1
00aA,,4366673,35390,571,100.00%,0.81%,0.01%,100.00%,0.81%,0.01%,48518.76,393.22,6.34,7.6,1173.3,1502.6,36.9,4150.3,49319.5,2.9,260.4,156.6,187.2,20034.1,7810.2,22.3,1075.6,288.2,-0.2,1069.3,639.7,-6.7,3625.2,26269.6,1.6,189,72,21.1,18760.6,585.4,12.7,1073.8,145.4,-1.8,1078.3,554.1,-14.9,3634.8,20520,1.9,247.1,81,22.9,17890.6,149.1,16.2,1071.6,109.9,6778.78%,34.21%,102.13%,1841.81%,38.01%,74.79%,10791.77%,107.84%,323.43%,1102.56%,25.22%,265.00%,1132.50%,3.62%,270.95%,122,368.9,565.9,274.4,1381.7,15345.9,205,266.4,262,252.5,4512.9,395.1,183.4,38.8,297.8,3998.24%,67.77%,164.67%,11967.46%,99.35%,160.91%,7321.42%,136.94%,280.35%,1535.32%,74.07%,287.13%,944.32%,6.33%,174.22%,302.6,795.1,2474.4,4410.7,4123.5,79360,212.9,356.7,439.1,2873.4,14839.8,22425.4,210.8,68.1,502.1
00bA,,4362491,35107,524,100.00%,0.80%,0.01%,100.00%,0.80%,0.01%,48472.2,390.08,5.82,7.7,1161.1,1647.3,42.9,4124.1,54509.6,3.1,263.9,150.5,188.3,19849.9,8101.9,22.1,1068.1,330.1,-0.1,1058,700.3,-6.6,3588.5,27711.2,1.6,191.2,75.8,21,18544.9,648.7,12.6,1066.5,157.9,-1.6,1069.1,670.3,-14.9,3606.2,22414.9,2.2,250.7,85.6,22.6,17677.1,186.6,16,1064.8,140.7,7598.32%,33.68%,110.39%,1839.82%,38.44%,79.05%,9299.95%,105.86%,302.24%,1117.20%,25.22%,223.78%,1145.98%,3.61%,227.05%,121.6,360.1,739.9,274.1,1386.2,17719.7,204.6,265.4,258.6,252.5,4458,417.6,183.4,38.4,319.5,3530.55%,71.14%,154.46%,13888.60%,107.67%,158.22%,6924.88%,139.04%,269.64%,1942.94%,81.93%,251.00%,952.55%,6.07%,158.70%,271.7,826,2544.5,5962.7,4440.6,86243.4,216.5,366.9,405.7,3658.7,16263.3,20335.5,210.4,64.8,523.9
01aM,,4272337,35162,703,100.00%,0.82%,0.02%,100.00%,0.82%,0.02%,47470.47,390.69,7.81,7.4,1144.1,1453.7,35.2,4063.7,45760.1,3,302.7,140.4,189.4,19919.1,6178.8,22.3,1069.8,215.1,-0.2,1046.3,673.9,-6.9,3546,25435.7,1.5,223.3,64.3,21,18747.9,336.4,12.6,1068.2,99.8,-1.8,1057.6,647.1,-15.9,3564.9,19294,1.8,287.7,58.3,22.6,17885.2,105.6,16,1066,75.5,6754.07%,33.56%,109.72%,1729.70%,38.83%,66.87%,11399.55%,94.18%,420.88%,1119.17%,25.02%,319.12%,1148.36%,3.56%,327.36%,121.6,354.9,710,275,1384.2,12902.3,205.2,270.9,245.4,252.9,4474.5,337,183.7,37.9,247,3504.63%,64.94%,160.25%,8821.63%,98.58%,154.45%,7101.82%,120.89%,317.86%,1600.54%,69.95%,357.06%,945.52%,6.12%,211.31%,259.7,743,2329.6,3104.1,4005.8,70677.9,214.9,365.9,446.1,3031.4,13933.9,22062.5,210.9,65.5,454.5
01bM,,4364305,36470,678,100.00%,0.84%,0.02%,100.00%,0.84%,0.02%,48492.41,405.22,7.53,7.7,1150.5,1364.7,35.4,4099.1,43137.9,3.2,310.5,132,193.5,20067.7,5065.4,22.5,1068.7,226.9,-0.2,1044.7,659.9,-7.1,3542.5,24471.4,1.6,229.1,66.8,21.3,18737.8,348.4,12.7,1067,108.6,-1.8,1056.2,643.2,-16.2,3557.1,19803.9,2,292.4,77.8,22.9,17780.4,110.8,16.2,1064.5,74.4,6770.54%,33.99%,105.19%,1698.58%,39.16%,69.51%,10259.59%,92.18%,346.19%,1103.21%,24.84%,326.24%,1133.11%,3.58%,344.47%,121.9,359,676.6,275.2,1393.1,13765.3,205.2,269.5,269.2,252.6,4416.3,361.3,183.5,38.1,256.4,4759.94%,70.10%,153.52%,9112.46%,109.04%,159.59%,6973.47%,126.97%,304.47%,1871.68%,80.03%,310.51%,940.30%,6.40%,200.58%,366.1,806.5,2095,3230,4469.8,68841.7,220.7,394.2,402,3622.2,16060.7,15728.6,211.2,68.4,455.1
19bA,,4350742,51409,695,100.00%,1.18%,0.02%,100.00%,1.18%,0.02%,48341.61,571.21,7.72,11.1,1184.2,1880.5,56.2,4255.5,61946.7,3.4,260.6,199.2,264.6,20105.7,9836.4,23.2,1071,344.4,-0.2,1084.2,780.2,-11,3750.5,31932.4,1.7,189.8,102.3,21.3,18816.2,822.6,11.8,1069,169.4,-2.8,1094.3,671.9,-23.7,3714.5,24058.4,2.1,247,110.3,19.9,18091.8,173.9,14,1065.9,119.1,4394.85%,32.56%,113.48%,1181.08%,35.58%,84.27%,9799.28%,107.68%,261.84%,1279.95%,23.93%,259.69%,1319.41%,3.64%,270.98%,123.1,356.3,762.5,279.9,1321.7,20274.4,205.8,266,288.8,254.7,4330.1,451.6,185,38.8,322.6,2885.76%,66.45%,146.33%,10915.50%,100.71%,139.30%,6582.76%,135.32%,246.62%,1606.40%,77.06%,261.15%,951.51%,6.99%,156.80%,318.9,786.9,2751.6,6131.7,4285.6,86288.9,222.9,352.7,491.2,4249.8,15492.7,25688.2,220.7,74.8,540